1,Interested in showing religious places around the city,12,397 Jazmyne Inlet:West Lisa,1,2016-11-12  3:00,2016-11-12  6:00
2,Interested in showing religious places around the city,12,46848 Kertzmann Keys:McKenzieview,2,2016-11-13 10:00,2016-11-13 13:00
3,A Football match,1,46848 Kertzmann Keys:McKenzieview,2,2016-11-14 14:00,2016-11-14 17:00
4,A BasketBall match,3,483 Leo Green:North Roman,3,2016-11-14  4:00,2016-11-14  7:00
5,A Bowling Tournament,4,69297 Leanne Forges:Elainahaven,4,2016-11-14  0:00,2016-11-14  3:00
6,A BasketBall match,3,19143 Minnie Tunnel:New Lincoln,5,2016-11-14  9:00,2016-11-14 12:00
7,A Soccer Match,7,19143 Minnie Tunnel:New Lincoln,5,2016-11-14 18:00,2016-11-14 21:00
8,A Bowling Tournament,4,0258 Deion Track:Adamston,6,2016-11-14 19:00,2016-11-14 22:00
9,Interested in showing unique architecture around the city,10,62815 Clement Lodge:Augustusberg,7,2016-11-13 18:00,2016-11-13 21:00
10,Interested in showing religious places around the city,12,62815 Clement Lodge:Augustusberg,7,2016-11-13  3:00,2016-11-13  6:00
11,A BasketBall match,3,62815 Clement Lodge:Augustusberg,7,2016-11-13  8:00,2016-11-13 11:00
12,Interested in showing religious places around the city,12,6683 Klocko Glens:Port Rahsaan,8,2016-11-12  4:00,2016-11-12  7:00
13,Interested in showing religious places around the city,12,6683 Klocko Glens:Port Rahsaan,8,2016-11-14  6:00,2016-11-14  9:00
14,Trip to a fine art museum,9,6683 Klocko Glens:Port Rahsaan,8,2016-11-12 13:00,2016-11-12 16:00
15,Interested in showing historical places around the city,11,62118 Retha Valley:Lake Pricemouth,9,2016-11-13  4:00,2016-11-13  7:00
16,Trip to a fine art museum,9,783 Aubree Tunnel:East Junius,10,2016-11-14  6:00,2016-11-14  9:00
17,An Ice Hockey Match,6,386 Vivienne Ville:New Aishamouth,11,2016-11-14 19:00,2016-11-14 22:00
18,Interested in showing religious places around the city,12,386 Vivienne Ville:New Aishamouth,11,2016-11-13  4:00,2016-11-13  7:00
19,A Football match,1,386 Vivienne Ville:New Aishamouth,11,2016-11-14  7:00,2016-11-14 10:00
20,Interested in showing unique architecture around the city,10,17702 Adams Place:Boston,12,2016-11-14  5:00,2016-11-14  8:00
21,Interested in showing religious places around the city,12,4462 Cummings Cliff:Boston,13,2016-11-13 19:00,2016-11-13 22:00
22,Adventure trip,13,90562 Feil Mountains:Port Lonie,14,2016-11-13 10:00,2016-11-13 13:00
23,An Ice Hockey Match,6,90562 Feil Mountains:Port Lonie,14,2016-11-12  0:00,2016-11-12  3:00
24,Trip to a fine art museum,9,90562 Feil Mountains:Port Lonie,14,2016-11-12  0:00,2016-11-12  3:00
25,An Ice Hockey Match,6,8056 Wuckert Prairie:West Bradly,15,2016-11-14 13:00,2016-11-14 16:00
26,Trip to a fine art museum,9,8056 Wuckert Prairie:West Bradly,15,2016-11-13 13:00,2016-11-13 16:00
27,Interested in showing unique architecture around the city,10,8056 Wuckert Prairie:West Bradly,15,2016-11-14 12:00,2016-11-14 15:00
28,A Baseball match,2,83393 Rohan Fields:Shaynafort,16,2016-11-13 18:00,2016-11-13 21:00
29,Interested in showing historical places around the city,11,83393 Rohan Fields:Shaynafort,16,2016-11-12 10:00,2016-11-12 13:00
30,Interested in showing unique architecture around the city,10,44996 Jerel Coves:Ryanberg,17,2016-11-12 19:00,2016-11-12 22:00
31,Adventure trip,13,44996 Jerel Coves:Ryanberg,17,2016-11-14 15:00,2016-11-14 18:00
32,Interested in showing unique architecture around the city,10,18022 Swift Plaza:Kamrynside,18,2016-11-14 14:00,2016-11-14 17:00
33,A Music Concert,8,18022 Swift Plaza:Kamrynside,18,2016-11-14  7:00,2016-11-14 10:00
34,Trip to a fine art museum,9,69288 Bobbie Trace:Boston,19,2016-11-12 10:00,2016-11-12 13:00
35,A Music Concert,8,69288 Bobbie Trace:Boston,19,2016-11-12  0:00,2016-11-12  3:00
36,An Ice Hockey Match,6,69288 Bobbie Trace:Boston,19,2016-11-13 20:00,2016-11-13 23:00
37,Trip to a fine art museum,9,2203 Myron Manor:Crawfordside,20,2016-11-13 10:00,2016-11-13 13:00
38,Interested in showing unique architecture around the city,10,6049 Chandler Pines:Beckerfurt,21,2016-11-13  5:00,2016-11-13  8:00
39,A BasketBall match,3,6049 Chandler Pines:Beckerfurt,21,2016-11-12 14:00,2016-11-12 17:00
40,Interested in showing historical places around the city,11,6049 Chandler Pines:Beckerfurt,21,2016-11-12 18:00,2016-11-12 21:00
41,Interested in showing religious places around the city,12,55543 Ruthe Loop:Feestfurt,22,2016-11-13 16:00,2016-11-13 19:00
42,Interested in showing unique architecture around the city,10,55543 Ruthe Loop:Feestfurt,22,2016-11-14  7:00,2016-11-14 10:00
43,Adventure trip,13,551 Carlo Haven:North Mckenna,23,2016-11-14  3:00,2016-11-14  6:00
44,Interested in showing historical places around the city,11,01968 Herman Groves:East Antwon,24,2016-11-12 20:00,2016-11-12 23:00
45,A Bowling Tournament,4,01968 Herman Groves:East Antwon,24,2016-11-13  8:00,2016-11-13 11:00
46,Trip to a fine art museum,9,01968 Herman Groves:East Antwon,24,2016-11-12 16:00,2016-11-12 19:00
47,A Boxing Match,5,613 Bode Ways:Eleazarside,25,2016-11-14 10:00,2016-11-14 13:00
48,A Music Concert,8,48939 Moen Mission:South Icieton,26,2016-11-12 13:00,2016-11-12 16:00
49,Interested in showing religious places around the city,12,11174 Kozey Camp:Faheymouth,27,2016-11-14  4:00,2016-11-14  7:00
50,A Baseball match,2,11174 Kozey Camp:Faheymouth,27,2016-11-12 20:00,2016-11-12 23:00
51,Interested in showing unique architecture around the city,10,14532 Olson Ferry:Gideonchester,28,2016-11-14  2:00,2016-11-14  5:00
52,Interested in showing historical places around the city,11,647 Viola Keys:Brownborough,29,2016-11-12  0:00,2016-11-12  3:00
53,A Music Concert,8,647 Viola Keys:Brownborough,29,2016-11-13 16:00,2016-11-13 19:00
54,Interested in showing unique architecture around the city,10,647 Viola Keys:Brownborough,29,2016-11-12 13:00,2016-11-12 16:00
55,Interested in showing religious places around the city,12,36012 Sylvan Corner:Robelberg,30,2016-11-12  1:00,2016-11-12  4:00
56,A Bowling Tournament,4,36012 Sylvan Corner:Robelberg,30,2016-11-13 20:00,2016-11-13 23:00
57,A Boxing Match,5,1281 Mayer Gardens:Port Tobinshire,31,2016-11-13 14:00,2016-11-13 17:00
58,An Ice Hockey Match,6,1281 Mayer Gardens:Port Tobinshire,31,2016-11-13  7:00,2016-11-13 10:00
59,Interested in showing unique architecture around the city,10,1281 Mayer Gardens:Port Tobinshire,31,2016-11-12 15:00,2016-11-12 18:00
60,Interested in showing historical places around the city,11,21729 O'Connell Brooks:Lake Curtport,32,2016-11-14  3:00,2016-11-14  6:00
61,A Boxing Match,5,21729 O'Connell Brooks:Lake Curtport,32,2016-11-12  1:00,2016-11-12  4:00
62,A Soccer Match,7,050 Hills Ferry:Jedidiahchester,33,2016-11-12 12:00,2016-11-12 15:00
63,A Bowling Tournament,4,050 Hills Ferry:Jedidiahchester,33,2016-11-12  1:00,2016-11-12  4:00
64,Adventure trip,13,15643 Satterfield Island:Kundemouth,34,2016-11-12 19:00,2016-11-12 22:00
65,A BasketBall match,3,502 Jedidiah Falls:East Kristytown,35,2016-11-13 14:00,2016-11-13 17:00
66,Trip to a fine art museum,9,97644 Ritchie Shores:Kyraside,36,2016-11-14  7:00,2016-11-14 10:00
67,Trip to a fine art museum,9,97644 Ritchie Shores:Kyraside,36,2016-11-13 16:00,2016-11-13 19:00
68,A BasketBall match,3,216 Chelsie Divide:Alexandermouth,37,2016-11-13 13:00,2016-11-13 16:00
69,A Boxing Match,5,216 Chelsie Divide:Alexandermouth,37,2016-11-13  3:00,2016-11-13  6:00
70,A Bowling Tournament,4,898 Earlene Stravenue:New Freedaport,38,2016-11-13 11:00,2016-11-13 14:00
71,Interested in showing historical places around the city,11,898 Earlene Stravenue:New Freedaport,38,2016-11-12  6:00,2016-11-12  9:00
72,A Bowling Tournament,4,898 Earlene Stravenue:New Freedaport,38,2016-11-14  5:00,2016-11-14  8:00
73,A Football match,1,4453 Wintheiser Rest:East Ola,39,2016-11-14  4:00,2016-11-14  7:00
74,A Music Concert,8,0169 Roberta Fords:Stantonbury,40,2016-11-13 19:00,2016-11-13 22:00
75,A Football match,1,0169 Roberta Fords:Stantonbury,40,2016-11-12  0:00,2016-11-12  3:00
76,Interested in showing unique architecture around the city,10,0169 Roberta Fords:Stantonbury,40,2016-11-13  6:00,2016-11-13  9:00
77,Trip to a fine art museum,9,53621 Schinner Throughway:West Emmanuelleport,41,2016-11-13  8:00,2016-11-13 11:00
78,A BasketBall match,3,53621 Schinner Throughway:West Emmanuelleport,41,2016-11-13 19:00,2016-11-13 22:00
79,A Boxing Match,5,0023 Darlene Lights:Lake Jarrod,42,2016-11-12  1:00,2016-11-12  4:00
80,Adventure trip,13,63101 Leo Corners:South Devantefort,43,2016-11-13 12:00,2016-11-13 15:00
81,Interested in showing unique architecture around the city,10,63101 Leo Corners:South Devantefort,43,2016-11-13 17:00,2016-11-13 20:00
82,A BasketBall match,3,63101 Leo Corners:South Devantefort,43,2016-11-12 19:00,2016-11-12 22:00
83,A BasketBall match,3,186 Gladyce Union:Ornbury,44,2016-11-13  2:00,2016-11-13  5:00
84,A BasketBall match,3,186 Gladyce Union:Ornbury,44,2016-11-14 12:00,2016-11-14 15:00
85,Interested in showing unique architecture around the city,10,186 Gladyce Union:Ornbury,44,2016-11-13 13:00,2016-11-13 16:00
86,Trip to a fine art museum,9,3301 Mosciski Ferry:Port Odieport,45,2016-11-13 15:00,2016-11-13 18:00
87,A Baseball match,2,3301 Mosciski Ferry:Port Odieport,45,2016-11-13 20:00,2016-11-13 23:00
88,A Bowling Tournament,4,3106 Domenic Landing:Metzshire,46,2016-11-12 14:00,2016-11-12 17:00
89,A BasketBall match,3,3106 Domenic Landing:Metzshire,46,2016-11-12  9:00,2016-11-12 12:00
90,A Baseball match,2,3106 Domenic Landing:Metzshire,46,2016-11-13 17:00,2016-11-13 20:00
91,A Soccer Match,7,3407 Millie Pike:Abelborough,47,2016-11-14  2:00,2016-11-14  5:00
92,Interested in showing unique architecture around the city,10,329 Nora Bypass:East Nickolas,48,2016-11-12  2:00,2016-11-12  5:00
93,Interested in showing religious places around the city,12,329 Nora Bypass:East Nickolas,48,2016-11-14 14:00,2016-11-14 17:00
94,A Bowling Tournament,4,329 Nora Bypass:East Nickolas,48,2016-11-14 17:00,2016-11-14 20:00
95,A Bowling Tournament,4,49651 Mandy Hill:Lake Sylvia,49,2016-11-12 19:00,2016-11-12 22:00
96,A Bowling Tournament,4,25555 Winnifred Freeway:East Kimberlyhaven,50,2016-11-13  4:00,2016-11-13  7:00
97,A BasketBall match,3,25555 Winnifred Freeway:East Kimberlyhaven,50,2016-11-14 20:00,2016-11-14 23:00
98,A Boxing Match,5,384 Sylvia Throughway:East Haliestad,51,2016-11-13 18:00,2016-11-13 21:00
99,Interested in showing historical places around the city,11,384 Sylvia Throughway:East Haliestad,51,2016-11-12 20:00,2016-11-12 23:00
100,Interested in showing unique architecture around the city,10,892 Vaughn Pike:New Bennieview,52,2016-11-12 13:00,2016-11-12 16:00
101,Trip to a fine art museum,9,892 Vaughn Pike:New Bennieview,52,2016-11-13  2:00,2016-11-13  5:00
102,A BasketBall match,3,3821 Randal Square:South Hiramhaven,53,2016-11-14 16:00,2016-11-14 19:00
103,A Music Concert,8,3821 Randal Square:South Hiramhaven,53,2016-11-13 20:00,2016-11-13 23:00
104,Trip to a fine art museum,9,3936 Moen Mountains:East Marlon,54,2016-11-14  3:00,2016-11-14  6:00
105,An Ice Hockey Match,6,742 Timmy Bypass:North Aldenland,55,2016-11-12 19:00,2016-11-12 22:00
106,An Ice Hockey Match,6,742 Timmy Bypass:North Aldenland,55,2016-11-13 15:00,2016-11-13 18:00
107,A Bowling Tournament,4,742 Timmy Bypass:North Aldenland,55,2016-11-13  1:00,2016-11-13  4:00
108,An Ice Hockey Match,6,028 Hilll Port:Legrosborough,56,2016-11-14  5:00,2016-11-14  8:00
109,A Baseball match,2,3486 Conn Haven:New Joanbury,57,2016-11-12 16:00,2016-11-12 19:00
110,Interested in showing unique architecture around the city,10,3486 Conn Haven:New Joanbury,57,2016-11-14 12:00,2016-11-14 15:00
111,Interested in showing unique architecture around the city,10,3486 Conn Haven:New Joanbury,57,2016-11-13  0:00,2016-11-13  3:00
112,Adventure trip,13,21015 DuBuque Rapid:Carrollview,58,2016-11-12 18:00,2016-11-12 21:00
113,Interested in showing unique architecture around the city,10,21015 DuBuque Rapid:Carrollview,58,2016-11-13  2:00,2016-11-13  5:00
114,A Soccer Match,7,06307 Jacobson Keys:Rubyeton,59,2016-11-12 18:00,2016-11-12 21:00
115,Interested in showing religious places around the city,12,92266 Cleta Skyway:Roobside,60,2016-11-14 18:00,2016-11-14 21:00
116,An Ice Hockey Match,6,728 Robyn Fields:Purdyland,61,2016-11-13  7:00,2016-11-13 10:00
117,A BasketBall match,3,3941 Josefa Orchard:MacGyverside,62,2016-11-13  6:00,2016-11-13  9:00
118,A Bowling Tournament,4,3941 Josefa Orchard:MacGyverside,62,2016-11-13  6:00,2016-11-13  9:00
119,A Bowling Tournament,4,76045 Jayde Island:Toreyburgh,63,2016-11-13  2:00,2016-11-13  5:00
120,A Football match,1,76045 Jayde Island:Toreyburgh,63,2016-11-13  6:00,2016-11-13  9:00
121,Trip to a fine art museum,9,745 Wolff Garden:Port Cortney,64,2016-11-13 13:00,2016-11-13 16:00
122,A Boxing Match,5,49301 Reynolds Rapids:Nevaport,65,2016-11-14  5:00,2016-11-14  8:00
123,A Boxing Match,5,63566 Dicki Streets:Coraville,66,2016-11-13  4:00,2016-11-13  7:00
124,An Ice Hockey Match,6,259 Hazle Fort:West Chelsea,67,2016-11-14  7:00,2016-11-14 10:00
125,A Soccer Match,7,259 Hazle Fort:West Chelsea,67,2016-11-14 12:00,2016-11-14 15:00
126,An Ice Hockey Match,6,6375 Kihn Station:Christophermouth,68,2016-11-12 16:00,2016-11-12 19:00
127,Trip to a fine art museum,9,6375 Kihn Station:Christophermouth,68,2016-11-12 18:00,2016-11-12 21:00
128,A Baseball match,2,6375 Kihn Station:Christophermouth,68,2016-11-14  9:00,2016-11-14 12:00
129,Adventure trip,13,2069 Sherwood Mountain:New Natalia,69,2016-11-12 14:00,2016-11-12 17:00
130,An Ice Hockey Match,6,096 Selmer Brooks:Lake Aniyahmouth,70,2016-11-12  3:00,2016-11-12  6:00
131,Adventure trip,13,096 Selmer Brooks:Lake Aniyahmouth,70,2016-11-12  6:00,2016-11-12  9:00
132,Interested in showing religious places around the city,12,29962 Dolores Centers:Port Macie,71,2016-11-14 12:00,2016-11-14 15:00
133,A Baseball match,2,004 Keebler Port:Tremblayhaven,72,2016-11-14  8:00,2016-11-14 11:00
134,An Ice Hockey Match,6,004 Keebler Port:Tremblayhaven,72,2016-11-12  4:00,2016-11-12  7:00
135,Interested in showing historical places around the city,11,004 Keebler Port:Tremblayhaven,72,2016-11-14 20:00,2016-11-14 23:00
136,A Soccer Match,7,462 Lakin Estates:Lefflerfort,73,2016-11-12 10:00,2016-11-12 13:00
137,Interested in showing historical places around the city,11,462 Lakin Estates:Lefflerfort,73,2016-11-12 17:00,2016-11-12 20:00
138,An Ice Hockey Match,6,89871 Jarrod Station:Port Maximo,74,2016-11-14  1:00,2016-11-14  4:00
139,A Bowling Tournament,4,89871 Jarrod Station:Port Maximo,74,2016-11-14  4:00,2016-11-14  7:00
140,Trip to a fine art museum,9,89871 Jarrod Station:Port Maximo,74,2016-11-13 13:00,2016-11-13 16:00
141,Adventure trip,13,32517 Stiedemann Ferry:Lake Myra,75,2016-11-12 16:00,2016-11-12 19:00
142,A Music Concert,8,32517 Stiedemann Ferry:Lake Myra,75,2016-11-14 15:00,2016-11-14 18:00
143,Interested in showing historical places around the city,11,5289 Carter Unions:Devantetown,76,2016-11-12 14:00,2016-11-12 17:00
144,A Football match,1,91376 O'Conner Fords:New Valentinland,77,2016-11-14  5:00,2016-11-14  8:00
145,Adventure trip,13,91376 O'Conner Fords:New Valentinland,77,2016-11-12  3:00,2016-11-12  6:00
146,A Baseball match,2,91376 O'Conner Fords:New Valentinland,77,2016-11-14  9:00,2016-11-14 12:00
147,A Music Concert,8,1618 Thea Port:South Delphiamouth,78,2016-11-13 14:00,2016-11-13 17:00
148,A Boxing Match,5,1618 Thea Port:South Delphiamouth,78,2016-11-14  0:00,2016-11-14  3:00
149,A Football match,1,00803 Lang Ferry:Gwendolynshire,79,2016-11-14 12:00,2016-11-14 15:00
150,An Ice Hockey Match,6,00803 Lang Ferry:Gwendolynshire,79,2016-11-14  2:00,2016-11-14  5:00
151,Adventure trip,13,00803 Lang Ferry:Gwendolynshire,79,2016-11-12  7:00,2016-11-12 10:00
152,Adventure trip,13,78653 Sister Landing:North Kade,80,2016-11-14  3:00,2016-11-14  6:00
153,Trip to a fine art museum,9,4977 Amparo Divide:Anjalifurt,81,2016-11-13  2:00,2016-11-13  5:00
154,An Ice Hockey Match,6,4977 Amparo Divide:Anjalifurt,81,2016-11-12  0:00,2016-11-12  3:00
155,Interested in showing historical places around the city,11,4977 Amparo Divide:Anjalifurt,81,2016-11-13  3:00,2016-11-13  6:00
156,A BasketBall match,3,37025 Davis Isle:North Daniella,82,2016-11-12 16:00,2016-11-12 19:00
157,Interested in showing religious places around the city,12,253 Kody Mountains:South Tyra,83,2016-11-13 14:00,2016-11-13 17:00
158,A Baseball match,2,70431 Yundt Port:Port Wilton,84,2016-11-14  9:00,2016-11-14 12:00
159,Trip to a fine art museum,9,70431 Yundt Port:Port Wilton,84,2016-11-14 18:00,2016-11-14 21:00
160,Adventure trip,13,70431 Yundt Port:Port Wilton,84,2016-11-12 17:00,2016-11-12 20:00
161,Interested in showing historical places around the city,11,067 Monahan Port:Lauriannestad,85,2016-11-13  5:00,2016-11-13  8:00
162,Interested in showing historical places around the city,11,69502 Holly Locks:South Izabella,86,2016-11-13 13:00,2016-11-13 16:00
163,A Soccer Match,7,69502 Holly Locks:South Izabella,86,2016-11-13  0:00,2016-11-13  3:00
164,A BasketBall match,3,69502 Holly Locks:South Izabella,86,2016-11-13  2:00,2016-11-13  5:00
165,A Baseball match,2,15326 Helen Rapid:Eunicefurt,87,2016-11-12  9:00,2016-11-12 12:00
166,A Music Concert,8,15326 Helen Rapid:Eunicefurt,87,2016-11-13 10:00,2016-11-13 13:00
167,An Ice Hockey Match,6,15326 Helen Rapid:Eunicefurt,87,2016-11-12  5:00,2016-11-12  8:00
168,A Bowling Tournament,4,50618 Johnnie Fords:North Goldaburgh,88,2016-11-12  2:00,2016-11-12  5:00
169,A Music Concert,8,58155 Brown Causeway:New Audreanne,89,2016-11-14 14:00,2016-11-14 17:00
170,Adventure trip,13,58155 Brown Causeway:New Audreanne,89,2016-11-12  0:00,2016-11-12  3:00
171,A Music Concert,8,58155 Brown Causeway:New Audreanne,89,2016-11-13 14:00,2016-11-13 17:00
172,A Bowling Tournament,4,923 Olson Stream:Port Orrin,90,2016-11-13  5:00,2016-11-13  8:00
173,A Bowling Tournament,4,923 Olson Stream:Port Orrin,90,2016-11-13 16:00,2016-11-13 19:00
174,A Music Concert,8,923 Olson Stream:Port Orrin,90,2016-11-14  7:00,2016-11-14 10:00
175,A Soccer Match,7,70358 Lesly Point:Lake Sebastian,91,2016-11-14 10:00,2016-11-14 13:00
176,A Boxing Match,5,70358 Lesly Point:Lake Sebastian,91,2016-11-12  5:00,2016-11-12  8:00
177,Interested in showing historical places around the city,11,70358 Lesly Point:Lake Sebastian,91,2016-11-14  1:00,2016-11-14  4:00
178,A BasketBall match,3,97622 Torp Trail:Lake Frieda,92,2016-11-13  1:00,2016-11-13  4:00
179,A Bowling Tournament,4,97622 Torp Trail:Lake Frieda,92,2016-11-12  1:00,2016-11-12  4:00
180,An Ice Hockey Match,6,0654 Vandervort Mountain:South Una,93,2016-11-13 11:00,2016-11-13 14:00
181,Adventure trip,13,6581 Janie Lock:Port Winifredbury,94,2016-11-12 15:00,2016-11-12 18:00
182,Interested in showing unique architecture around the city,10,6581 Janie Lock:Port Winifredbury,94,2016-11-12  1:00,2016-11-12  4:00
183,A Baseball match,2,7758 Gleason Drive:Lindbury,95,2016-11-13  9:00,2016-11-13 12:00
184,A BasketBall match,3,7758 Gleason Drive:Lindbury,95,2016-11-14  0:00,2016-11-14  3:00
185,A Football match,1,2045 Kutch Drive:North Tyreseberg,96,2016-11-14  1:00,2016-11-14  4:00
186,A Boxing Match,5,45010 Wyman Circle:McCulloughberg,97,2016-11-13  1:00,2016-11-13  4:00
187,Adventure trip,13,45010 Wyman Circle:McCulloughberg,97,2016-11-14 14:00,2016-11-14 17:00
188,A Soccer Match,7,45010 Wyman Circle:McCulloughberg,97,2016-11-12 20:00,2016-11-12 23:00
189,Interested in showing religious places around the city,12,4399 Hegmann Ford:Stephaniaside,98,2016-11-13 13:00,2016-11-13 16:00
190,A Football match,1,4399 Hegmann Ford:Stephaniaside,98,2016-11-12 13:00,2016-11-12 16:00
191,A Baseball match,2,8716 Auer Manor:East Jewellborough,99,2016-11-12 17:00,2016-11-12 20:00
192,A Soccer Match,7,6913 Trantow Wells:Janiceberg,100,2016-11-14 12:00,2016-11-14 15:00
193,A BasketBall match,3,33958 Nikolas Estate:Bartellville,101,2016-11-13  8:00,2016-11-13 11:00
194,Interested in showing religious places around the city,12,33958 Nikolas Estate:Bartellville,101,2016-11-13 16:00,2016-11-13 19:00
195,Interested in showing religious places around the city,12,33958 Nikolas Estate:Bartellville,101,2016-11-12 11:00,2016-11-12 14:00
196,A Soccer Match,7,1939 Moen Pines:East Amariview,102,2016-11-13 14:00,2016-11-13 17:00
197,A Bowling Tournament,4,1939 Moen Pines:East Amariview,102,2016-11-13 20:00,2016-11-13 23:00
198,A Soccer Match,7,29877 Rogahn Path:Port Garthhaven,103,2016-11-13 10:00,2016-11-13 13:00
199,An Ice Hockey Match,6,29877 Rogahn Path:Port Garthhaven,103,2016-11-14 14:00,2016-11-14 17:00
200,Interested in showing historical places around the city,11,29877 Rogahn Path:Port Garthhaven,103,2016-11-13  7:00,2016-11-13 10:00
201,A Bowling Tournament,4,337 Vernie Branch:North Tessieside,104,2016-11-14 10:00,2016-11-14 13:00
202,A BasketBall match,3,010 Camilla Falls:Kubberg,105,2016-11-14 11:00,2016-11-14 14:00
203,Interested in showing unique architecture around the city,10,010 Camilla Falls:Kubberg,105,2016-11-14 13:00,2016-11-14 16:00
204,Interested in showing religious places around the city,12,010 Camilla Falls:Kubberg,105,2016-11-13 16:00,2016-11-13 19:00
205,A Bowling Tournament,4,769 Nolan Mill:North Friedrichview,106,2016-11-14 12:00,2016-11-14 15:00
206,A BasketBall match,3,55076 Lauretta Cliff:Metzside,107,2016-11-13 10:00,2016-11-13 13:00
207,A Football match,1,553 Towne Tunnel:South Franciscomouth,108,2016-11-14  5:00,2016-11-14  8:00
208,A BasketBall match,3,553 Towne Tunnel:South Franciscomouth,108,2016-11-12  9:00,2016-11-12 12:00
209,A Baseball match,2,553 Towne Tunnel:South Franciscomouth,108,2016-11-13  7:00,2016-11-13 10:00
210,A Boxing Match,5,363 Crona Ports:South Ervin,109,2016-11-14  4:00,2016-11-14  7:00
211,A Football match,1,363 Crona Ports:South Ervin,109,2016-11-14  0:00,2016-11-14  3:00
212,Interested in showing religious places around the city,12,43476 Luisa Isle:Janfort,110,2016-11-13  7:00,2016-11-13 10:00
213,Interested in showing historical places around the city,11,9610 Kub Pike:Gutkowskiview,111,2016-11-14  9:00,2016-11-14 12:00
214,A Boxing Match,5,9610 Kub Pike:Gutkowskiview,111,2016-11-12 20:00,2016-11-12 23:00
215,A Boxing Match,5,9610 Kub Pike:Gutkowskiview,111,2016-11-14 19:00,2016-11-14 22:00
216,A Boxing Match,5,3943 Okuneva Vista:Port Marcelluschester,112,2016-11-14 11:00,2016-11-14 14:00
217,A Boxing Match,5,117 Anissa Village:South Abraham,113,2016-11-12 13:00,2016-11-12 16:00
218,An Ice Hockey Match,6,117 Anissa Village:South Abraham,113,2016-11-14  9:00,2016-11-14 12:00
219,A BasketBall match,3,117 Anissa Village:South Abraham,113,2016-11-12 13:00,2016-11-12 16:00
220,Interested in showing unique architecture around the city,10,3329 Constance Throughway:Lake Winfield,114,2016-11-12 13:00,2016-11-12 16:00
221,An Ice Hockey Match,6,44200 Clay Meadows:Mabletown,115,2016-11-14 17:00,2016-11-14 20:00
222,A Soccer Match,7,44200 Clay Meadows:Mabletown,115,2016-11-13  0:00,2016-11-13  3:00
223,A Bowling Tournament,4,1161 Hershel Avenue:Queenport,116,2016-11-13  4:00,2016-11-13  7:00
224,Interested in showing historical places around the city,11,1161 Hershel Avenue:Queenport,116,2016-11-14 10:00,2016-11-14 13:00
225,Interested in showing unique architecture around the city,10,299 Kozey Skyway:Abbigailville,117,2016-11-14  2:00,2016-11-14  5:00
226,A Baseball match,2,299 Kozey Skyway:Abbigailville,117,2016-11-13  0:00,2016-11-13  3:00
227,A Boxing Match,5,299 Kozey Skyway:Abbigailville,117,2016-11-14  5:00,2016-11-14  8:00
228,Adventure trip,13,78662 Lehner Expressway:North Lorenza,118,2016-11-12  8:00,2016-11-12 11:00
229,Interested in showing unique architecture around the city,10,05806 Murazik Well:South Hanna,119,2016-11-13 20:00,2016-11-13 23:00
230,A BasketBall match,3,05806 Murazik Well:South Hanna,119,2016-11-14  2:00,2016-11-14  5:00
231,A BasketBall match,3,66845 Stevie Shores:West Jalonstad,120,2016-11-14 18:00,2016-11-14 21:00
232,A Bowling Tournament,4,66845 Stevie Shores:West Jalonstad,120,2016-11-12  2:00,2016-11-12  5:00
233,A Music Concert,8,32559 Johnnie Orchard:New Quinton,121,2016-11-14  1:00,2016-11-14  4:00
234,Adventure trip,13,7684 Mohr Port:Satterfieldbury,122,2016-11-13  9:00,2016-11-13 12:00
235,A Music Concert,8,7684 Mohr Port:Satterfieldbury,122,2016-11-14  5:00,2016-11-14  8:00
236,Interested in showing unique architecture around the city,10,258 Angelo Courts:Jerdeton,123,2016-11-14 19:00,2016-11-14 22:00
237,A Soccer Match,7,258 Angelo Courts:Jerdeton,123,2016-11-13 12:00,2016-11-13 15:00
238,Adventure trip,13,258 Angelo Courts:Jerdeton,123,2016-11-12  3:00,2016-11-12  6:00
239,A Boxing Match,5,58092 Schumm Vista:Lake Weldonborough,124,2016-11-14 11:00,2016-11-14 14:00
240,A Music Concert,8,43426 Okey Greens:Torphyfort,125,2016-11-14 19:00,2016-11-14 22:00
241,Adventure trip,13,43426 Okey Greens:Torphyfort,125,2016-11-13  5:00,2016-11-13  8:00
242,A Music Concert,8,43426 Okey Greens:Torphyfort,125,2016-11-13  7:00,2016-11-13 10:00
243,A Football match,1,6517 Clint Drives:Mrazport,126,2016-11-12  2:00,2016-11-12  5:00
244,A Boxing Match,5,6517 Clint Drives:Mrazport,126,2016-11-12 12:00,2016-11-12 15:00
245,Adventure trip,13,9474 Dooley Hills:Port Deshaun,127,2016-11-13  1:00,2016-11-13  4:00
246,Interested in showing unique architecture around the city,10,9474 Dooley Hills:Port Deshaun,127,2016-11-12  9:00,2016-11-12 12:00
247,A Soccer Match,7,9474 Dooley Hills:Port Deshaun,127,2016-11-12 17:00,2016-11-12 20:00
248,A Football match,1,63302 Alycia Ports:Donmouth,128,2016-11-12  9:00,2016-11-12 12:00
249,Interested in showing historical places around the city,11,63302 Alycia Ports:Donmouth,128,2016-11-14  6:00,2016-11-14  9:00
250,A Music Concert,8,387 Roberts Pass:West Barbara,129,2016-11-12 13:00,2016-11-12 16:00
251,Interested in showing historical places around the city,11,387 Roberts Pass:West Barbara,129,2016-11-14  6:00,2016-11-14  9:00
252,A Music Concert,8,387 Roberts Pass:West Barbara,129,2016-11-13  3:00,2016-11-13  6:00
253,A Bowling Tournament,4,303 Beier Tunnel:South Elimouth,130,2016-11-14 16:00,2016-11-14 19:00
254,A Music Concert,8,303 Beier Tunnel:South Elimouth,130,2016-11-13 15:00,2016-11-13 18:00
255,Interested in showing religious places around the city,12,771 Stiedemann Prairie:Wendellstad,131,2016-11-12  5:00,2016-11-12  8:00
256,Interested in showing historical places around the city,11,771 Stiedemann Prairie:Wendellstad,131,2016-11-13  4:00,2016-11-13  7:00
257,A BasketBall match,3,771 Stiedemann Prairie:Wendellstad,131,2016-11-12 11:00,2016-11-12 14:00
258,An Ice Hockey Match,6,110 Arlie Passage:Donavonhaven,132,2016-11-12 10:00,2016-11-12 13:00
259,A Bowling Tournament,4,976 Hackett Forks:New Odie,133,2016-11-12 14:00,2016-11-12 17:00
260,Trip to a fine art museum,9,976 Hackett Forks:New Odie,133,2016-11-14  7:00,2016-11-14 10:00
261,A Boxing Match,5,276 Lucile Turnpike:East Enahaven,134,2016-11-12  5:00,2016-11-12  8:00
262,Interested in showing historical places around the city,11,276 Lucile Turnpike:East Enahaven,134,2016-11-13  4:00,2016-11-13  7:00
263,A Football match,1,071 Flavio Drive:Bauchmouth,135,2016-11-13 17:00,2016-11-13 20:00
264,A Bowling Tournament,4,2364 Graham Trace:Kleinland,136,2016-11-14 12:00,2016-11-14 15:00
265,Interested in showing historical places around the city,11,29042 Lenna Trail:East Jarret,137,2016-11-14  3:00,2016-11-14  6:00
266,Interested in showing historical places around the city,11,82622 Aylin Shoals:McGlynnton,138,2016-11-12 19:00,2016-11-12 22:00
267,Trip to a fine art museum,9,8566 Gilberto Freeway:East Werner,139,2016-11-14  7:00,2016-11-14 10:00
268,A Boxing Match,5,8566 Gilberto Freeway:East Werner,139,2016-11-12 19:00,2016-11-12 22:00
269,Interested in showing historical places around the city,11,6287 Pfannerstill Green:Lake Dasiafurt,140,2016-11-12  8:00,2016-11-12 11:00
270,A Bowling Tournament,4,936 Barton Burg:Jacobsmouth,141,2016-11-13 16:00,2016-11-13 19:00
271,A Boxing Match,5,936 Barton Burg:Jacobsmouth,141,2016-11-12 15:00,2016-11-12 18:00
272,A Bowling Tournament,4,834 Nolan Walks:Port Rose,142,2016-11-12  5:00,2016-11-12  8:00
273,A Soccer Match,7,834 Nolan Walks:Port Rose,142,2016-11-14 16:00,2016-11-14 19:00
274,A Baseball match,2,46889 Simonis Common:West Jammie,143,2016-11-14  7:00,2016-11-14 10:00
275,An Ice Hockey Match,6,46889 Simonis Common:West Jammie,143,2016-11-14 20:00,2016-11-14 23:00
276,Adventure trip,13,46889 Simonis Common:West Jammie,143,2016-11-13 20:00,2016-11-13 23:00
277,A BasketBall match,3,2289 Maximus Stream:Jimmiehaven,144,2016-11-14 18:00,2016-11-14 21:00
278,A Baseball match,2,372 Prohaska Passage:South Omerbury,145,2016-11-13  5:00,2016-11-13  8:00
279,A BasketBall match,3,372 Prohaska Passage:South Omerbury,145,2016-11-14 16:00,2016-11-14 19:00
280,A BasketBall match,3,372 Prohaska Passage:South Omerbury,145,2016-11-13  7:00,2016-11-13 10:00
281,Adventure trip,13,988 Claudia Square:Laurenbury,146,2016-11-13 17:00,2016-11-13 20:00
282,A Boxing Match,5,3296 Kallie Tunnel:North Madysonport,147,2016-11-12  6:00,2016-11-12  9:00
283,An Ice Hockey Match,6,1807 Serena Radial:Broderickside,148,2016-11-14  4:00,2016-11-14  7:00
284,A Baseball match,2,1807 Serena Radial:Broderickside,148,2016-11-13  3:00,2016-11-13  6:00
285,A Baseball match,2,1807 Serena Radial:Broderickside,148,2016-11-12 11:00,2016-11-12 14:00
286,A Bowling Tournament,4,190 Eudora Parkway:Nikkifurt,149,2016-11-12  4:00,2016-11-12  7:00
287,A BasketBall match,3,190 Eudora Parkway:Nikkifurt,149,2016-11-13  2:00,2016-11-13  5:00
288,Interested in showing unique architecture around the city,10,30539 Lyric Run:Laronfurt,150,2016-11-14 19:00,2016-11-14 22:00
289,Adventure trip,13,30539 Lyric Run:Laronfurt,150,2016-11-12  9:00,2016-11-12 12:00
290,A Baseball match,2,30539 Lyric Run:Laronfurt,150,2016-11-12 16:00,2016-11-12 19:00
291,A Soccer Match,7,1687 Madilyn Glen:Port Hannahport,151,2016-11-13  4:00,2016-11-13  7:00
292,A Baseball match,2,4713 Reanna Skyway:Port Casimerfort,152,2016-11-12  1:00,2016-11-12  4:00
293,Trip to a fine art museum,9,4713 Reanna Skyway:Port Casimerfort,152,2016-11-14  5:00,2016-11-14  8:00
294,Interested in showing religious places around the city,12,7234 Kuhn Extensions:Port Josefina,153,2016-11-14 11:00,2016-11-14 14:00
295,Adventure trip,13,7234 Kuhn Extensions:Port Josefina,153,2016-11-14 12:00,2016-11-14 15:00
296,Interested in showing religious places around the city,12,7234 Kuhn Extensions:Port Josefina,153,2016-11-12 13:00,2016-11-12 16:00
297,Adventure trip,13,5823 Olaf Rapid:Port Jaidenhaven,154,2016-11-14 19:00,2016-11-14 22:00
298,Adventure trip,13,5823 Olaf Rapid:Port Jaidenhaven,154,2016-11-13  6:00,2016-11-13  9:00
299,A Baseball match,2,5823 Olaf Rapid:Port Jaidenhaven,154,2016-11-14 19:00,2016-11-14 22:00
300,A Music Concert,8,19962 Huels Run:Lake Jettberg,155,2016-11-13 18:00,2016-11-13 21:00
301,Interested in showing religious places around the city,12,19962 Huels Run:Lake Jettberg,155,2016-11-12 14:00,2016-11-12 17:00
302,A BasketBall match,3,892 Waelchi Passage:Hughview,156,2016-11-12 13:00,2016-11-12 16:00
303,Adventure trip,13,892 Waelchi Passage:Hughview,156,2016-11-12  2:00,2016-11-12  5:00
304,A Music Concert,8,892 Waelchi Passage:Hughview,156,2016-11-12 17:00,2016-11-12 20:00
305,A Bowling Tournament,4,02994 Christiansen Mountain:Lake Veronaville,157,2016-11-12 13:00,2016-11-12 16:00
306,A Music Concert,8,02994 Christiansen Mountain:Lake Veronaville,157,2016-11-13 10:00,2016-11-13 13:00
307,A Music Concert,8,15660 Green Bypass:Jeanneland,158,2016-11-12  8:00,2016-11-12 11:00
308,A Football match,1,15660 Green Bypass:Jeanneland,158,2016-11-13  0:00,2016-11-13  3:00
309,Adventure trip,13,91537 Rodolfo Road:East Vesta,159,2016-11-12 14:00,2016-11-12 17:00
310,Adventure trip,13,91537 Rodolfo Road:East Vesta,159,2016-11-12 12:00,2016-11-12 15:00
311,Trip to a fine art museum,9,39272 Lillian Grove:Port Juliastad,160,2016-11-14  2:00,2016-11-14  5:00
312,A Football match,1,39272 Lillian Grove:Port Juliastad,160,2016-11-13  3:00,2016-11-13  6:00
313,A Boxing Match,5,933 Niko Mission:South Ali,161,2016-11-13  5:00,2016-11-13  8:00
314,Interested in showing religious places around the city,12,933 Niko Mission:South Ali,161,2016-11-12  5:00,2016-11-12  8:00
315,An Ice Hockey Match,6,933 Niko Mission:South Ali,161,2016-11-14 20:00,2016-11-14 23:00
316,Interested in showing historical places around the city,11,396 Willa Burg:Christelleborough,162,2016-11-13  0:00,2016-11-13  3:00
317,A Music Concert,8,3594 Percy Shore:Kozeymouth,163,2016-11-13 16:00,2016-11-13 19:00
318,Interested in showing historical places around the city,11,3594 Percy Shore:Kozeymouth,163,2016-11-12 15:00,2016-11-12 18:00
319,A Boxing Match,5,3594 Percy Shore:Kozeymouth,163,2016-11-14  9:00,2016-11-14 12:00
320,An Ice Hockey Match,6,58739 Connelly Trace:Handhaven,164,2016-11-14 16:00,2016-11-14 19:00
321,A Boxing Match,5,58739 Connelly Trace:Handhaven,164,2016-11-12  1:00,2016-11-12  4:00
322,A Baseball match,2,64368 Faye Rue:Mariannaview,165,2016-11-13 20:00,2016-11-13 23:00
323,Trip to a fine art museum,9,64368 Faye Rue:Mariannaview,165,2016-11-13 17:00,2016-11-13 20:00
324,Interested in showing religious places around the city,12,64368 Faye Rue:Mariannaview,165,2016-11-12  1:00,2016-11-12  4:00
325,Interested in showing historical places around the city,11,31172 Carroll Pine:North Adelbertstad,166,2016-11-14 18:00,2016-11-14 21:00
326,A BasketBall match,3,31172 Carroll Pine:North Adelbertstad,166,2016-11-14  1:00,2016-11-14  4:00
327,Interested in showing historical places around the city,11,31172 Carroll Pine:North Adelbertstad,166,2016-11-12  9:00,2016-11-12 12:00
328,A Soccer Match,7,6158 Carter Point:Wolfton,167,2016-11-14  8:00,2016-11-14 11:00
329,An Ice Hockey Match,6,6158 Carter Point:Wolfton,167,2016-11-12  7:00,2016-11-12 10:00
330,A Music Concert,8,6158 Carter Point:Wolfton,167,2016-11-14 11:00,2016-11-14 14:00
331,A Boxing Match,5,2992 Keebler Trail:Skilesmouth,168,2016-11-12  4:00,2016-11-12  7:00
332,Adventure trip,13,846 Ismael Estates:New Dawn,169,2016-11-14  5:00,2016-11-14  8:00
333,A Music Concert,8,846 Ismael Estates:New Dawn,169,2016-11-12 16:00,2016-11-12 19:00
334,Interested in showing unique architecture around the city,10,846 Ismael Estates:New Dawn,169,2016-11-14 16:00,2016-11-14 19:00
335,A Boxing Match,5,8509 Stoltenberg Lodge:Jacobiland,170,2016-11-12  6:00,2016-11-12  9:00
336,A Soccer Match,7,8509 Stoltenberg Lodge:Jacobiland,170,2016-11-12 19:00,2016-11-12 22:00
337,A Bowling Tournament,4,4488 Rohan Unions:New Zackaryton,171,2016-11-14 15:00,2016-11-14 18:00
338,A BasketBall match,3,288 Jayda Passage:West Nicolaberg,172,2016-11-13  2:00,2016-11-13  5:00
339,A Football match,1,288 Jayda Passage:West Nicolaberg,172,2016-11-13 15:00,2016-11-13 18:00
340,A BasketBall match,3,817 Shayne River:South Alexanderland,173,2016-11-14  2:00,2016-11-14  5:00
341,An Ice Hockey Match,6,8354 Zemlak Hollow:Alvahbury,174,2016-11-14 14:00,2016-11-14 17:00
342,Trip to a fine art museum,9,98443 Carol Road:West Lesly,175,2016-11-13 11:00,2016-11-13 14:00
343,Interested in showing religious places around the city,12,98443 Carol Road:West Lesly,175,2016-11-12 14:00,2016-11-12 17:00
344,Trip to a fine art museum,9,70196 Efrain Islands:Lizziechester,176,2016-11-12 20:00,2016-11-12 23:00
345,Adventure trip,13,70196 Efrain Islands:Lizziechester,176,2016-11-14 19:00,2016-11-14 22:00
346,Interested in showing historical places around the city,11,116 Cody Haven:Port Daisyton,177,2016-11-14 12:00,2016-11-14 15:00
347,A Baseball match,2,21197 Prosacco Dale:West Hattieshire,178,2016-11-13  9:00,2016-11-13 12:00
348,An Ice Hockey Match,6,21197 Prosacco Dale:West Hattieshire,178,2016-11-13  3:00,2016-11-13  6:00
349,An Ice Hockey Match,6,5217 Paris Road:West Fritzborough,179,2016-11-14 17:00,2016-11-14 20:00
350,A Boxing Match,5,02906 Jessy Forest:Balistrerishire,180,2016-11-14  5:00,2016-11-14  8:00
351,An Ice Hockey Match,6,02906 Jessy Forest:Balistrerishire,180,2016-11-14 19:00,2016-11-14 22:00
352,A Soccer Match,7,8359 Medhurst Stravenue:South Edgardo,181,2016-11-12 14:00,2016-11-12 17:00
353,Adventure trip,13,633 Trenton Shores:Furmanport,182,2016-11-13 15:00,2016-11-13 18:00
354,A Soccer Match,7,633 Trenton Shores:Furmanport,182,2016-11-14  5:00,2016-11-14  8:00
355,Adventure trip,13,423 Rolfson Stravenue:North Raheem,183,2016-11-13 20:00,2016-11-13 23:00
356,Adventure trip,13,423 Rolfson Stravenue:North Raheem,183,2016-11-14  7:00,2016-11-14 10:00
357,A Soccer Match,7,423 Rolfson Stravenue:North Raheem,183,2016-11-14  3:00,2016-11-14  6:00
358,A BasketBall match,3,04546 Little Corners:Langoshshire,184,2016-11-14 13:00,2016-11-14 16:00
359,Interested in showing religious places around the city,12,054 Ella Manor:Bodefurt,185,2016-11-13 10:00,2016-11-13 13:00
360,A Bowling Tournament,4,054 Ella Manor:Bodefurt,185,2016-11-13 15:00,2016-11-13 18:00
361,Interested in showing unique architecture around the city,10,651 Cale Walk:Hoegermouth,186,2016-11-13 10:00,2016-11-13 13:00
362,Trip to a fine art museum,9,651 Cale Walk:Hoegermouth,186,2016-11-12  5:00,2016-11-12  8:00
363,A BasketBall match,3,398 Amaya Prairie:Laurelview,187,2016-11-14 20:00,2016-11-14 23:00
364,Interested in showing unique architecture around the city,10,7440 Schulist Neck:East Dinomouth,188,2016-11-12 17:00,2016-11-12 20:00
365,Interested in showing historical places around the city,11,88724 Schuster Parkways:Terryhaven,189,2016-11-12  1:00,2016-11-12  4:00
366,A Bowling Tournament,4,88724 Schuster Parkways:Terryhaven,189,2016-11-14  8:00,2016-11-14 11:00
367,A Music Concert,8,9714 Gabriel Trail:North Darlene,190,2016-11-12 20:00,2016-11-12 23:00
368,An Ice Hockey Match,6,87189 Gwen Valleys:Ileneview,191,2016-11-13  8:00,2016-11-13 11:00
369,Trip to a fine art museum,9,87189 Gwen Valleys:Ileneview,191,2016-11-12  6:00,2016-11-12  9:00
370,A Football match,1,3913 Sammie Cliffs:North Lynn,192,2016-11-14  0:00,2016-11-14  3:00
371,A Football match,1,98680 Brown Stravenue:Dietrichborough,193,2016-11-14 10:00,2016-11-14 13:00
372,An Ice Hockey Match,6,98680 Brown Stravenue:Dietrichborough,193,2016-11-12  3:00,2016-11-12  6:00
373,Interested in showing unique architecture around the city,10,98680 Brown Stravenue:Dietrichborough,193,2016-11-12 20:00,2016-11-12 23:00
374,Interested in showing unique architecture around the city,10,5349 Wallace Pass:Runteville,194,2016-11-13  8:00,2016-11-13 11:00
375,Interested in showing historical places around the city,11,5349 Wallace Pass:Runteville,194,2016-11-13  4:00,2016-11-13  7:00
376,A Music Concert,8,5349 Wallace Pass:Runteville,194,2016-11-12  1:00,2016-11-12  4:00
377,An Ice Hockey Match,6,823 Reynolds Place:West Alicia,195,2016-11-13  8:00,2016-11-13 11:00
378,Adventure trip,13,055 O'Conner Harbors:New Emerald,196,2016-11-14  4:00,2016-11-14  7:00
379,Interested in showing unique architecture around the city,10,055 O'Conner Harbors:New Emerald,196,2016-11-13  3:00,2016-11-13  6:00
380,A Football match,1,57802 Reichel Expressway:Jamesonland,197,2016-11-13  7:00,2016-11-13 10:00
381,A Music Concert,8,57802 Reichel Expressway:Jamesonland,197,2016-11-14 17:00,2016-11-14 20:00
382,A Football match,1,57802 Reichel Expressway:Jamesonland,197,2016-11-13  2:00,2016-11-13  5:00
383,A Bowling Tournament,4,98727 Annalise Points:North Gideonville,198,2016-11-12  9:00,2016-11-12 12:00
384,An Ice Hockey Match,6,98727 Annalise Points:North Gideonville,198,2016-11-12  3:00,2016-11-12  6:00
385,A Baseball match,2,98727 Annalise Points:North Gideonville,198,2016-11-14  1:00,2016-11-14  4:00
386,A BasketBall match,3,120 Marcos Well:West Christineside,199,2016-11-14 16:00,2016-11-14 19:00
387,A Bowling Tournament,4,120 Marcos Well:West Christineside,199,2016-11-14  6:00,2016-11-14  9:00
388,Interested in showing religious places around the city,12,120 Marcos Well:West Christineside,199,2016-11-13  3:00,2016-11-13  6:00
389,Interested in showing religious places around the city,12,986 Ciara Stream:Murrayside,200,2016-11-14  8:00,2016-11-14 11:00
390,Trip to a fine art museum,9,986 Ciara Stream:Murrayside,200,2016-11-14 17:00,2016-11-14 20:00
391,A Bowling Tournament,4,986 Ciara Stream:Murrayside,200,2016-11-12  4:00,2016-11-12  7:00
392,A BasketBall match,3,94301 Lester Path:West Mitchelburgh,201,2016-11-14 13:00,2016-11-14 16:00
393,A Music Concert,8,6862 Cruickshank Lights:Maeport,202,2016-11-13  9:00,2016-11-13 12:00
394,A Soccer Match,7,6862 Cruickshank Lights:Maeport,202,2016-11-13  3:00,2016-11-13  6:00
395,A Music Concert,8,3716 Durgan Garden:Lake Danielafurt,203,2016-11-14  1:00,2016-11-14  4:00
396,A Football match,1,3716 Durgan Garden:Lake Danielafurt,203,2016-11-14  6:00,2016-11-14  9:00
397,A Bowling Tournament,4,3716 Durgan Garden:Lake Danielafurt,203,2016-11-13  3:00,2016-11-13  6:00
398,A Music Concert,8,9457 Joanny Road:Kacieside,204,2016-11-12 12:00,2016-11-12 15:00
399,Interested in showing historical places around the city,11,1008 Liam Common:Gladysbury,205,2016-11-13  5:00,2016-11-13  8:00
400,A Football match,1,1008 Liam Common:Gladysbury,205,2016-11-14  9:00,2016-11-14 12:00
401,A Football match,1,35718 Alphonso Run:Marvinmouth,206,2016-11-13 15:00,2016-11-13 18:00
402,A Bowling Tournament,4,35718 Alphonso Run:Marvinmouth,206,2016-11-14  7:00,2016-11-14 10:00
403,An Ice Hockey Match,6,35718 Alphonso Run:Marvinmouth,206,2016-11-12 16:00,2016-11-12 19:00
404,A Baseball match,2,82470 Alfredo View:Ryanview,207,2016-11-12  4:00,2016-11-12  7:00
405,A BasketBall match,3,82470 Alfredo View:Ryanview,207,2016-11-12  1:00,2016-11-12  4:00
406,A Boxing Match,5,82470 Alfredo View:Ryanview,207,2016-11-12  7:00,2016-11-12 10:00
407,A Soccer Match,7,12486 Kunze Grove:Lake Nelda,208,2016-11-12 20:00,2016-11-12 23:00
408,Interested in showing historical places around the city,11,12486 Kunze Grove:Lake Nelda,208,2016-11-12 13:00,2016-11-12 16:00
409,A Bowling Tournament,4,51764 Howe Tunnel:Anneville,209,2016-11-12  5:00,2016-11-12  8:00
410,Adventure trip,13,74966 Schaden Skyway:South Rupert,210,2016-11-14 14:00,2016-11-14 17:00
411,A Bowling Tournament,4,74966 Schaden Skyway:South Rupert,210,2016-11-14  4:00,2016-11-14  7:00
412,A Football match,1,0943 Annabelle Circle:Lake Bennettchester,211,2016-11-12 14:00,2016-11-12 17:00
413,Interested in showing religious places around the city,12,89363 Samson Station:North Jeanieburgh,212,2016-11-13 15:00,2016-11-13 18:00
414,Interested in showing unique architecture around the city,10,89363 Samson Station:North Jeanieburgh,212,2016-11-14 18:00,2016-11-14 21:00
415,A Boxing Match,5,89363 Samson Station:North Jeanieburgh,212,2016-11-13  7:00,2016-11-13 10:00
416,Adventure trip,13,8663 Kuhic Hill:Sydniport,213,2016-11-13  3:00,2016-11-13  6:00
417,A Football match,1,8663 Kuhic Hill:Sydniport,213,2016-11-14  9:00,2016-11-14 12:00
418,A Music Concert,8,83806 Buster Pine:Port Lisette,214,2016-11-14 10:00,2016-11-14 13:00
419,Interested in showing religious places around the city,12,83806 Buster Pine:Port Lisette,214,2016-11-12  7:00,2016-11-12 10:00
420,A Baseball match,2,45087 Kendrick Villages:East Olga,215,2016-11-12 18:00,2016-11-12 21:00
421,A BasketBall match,3,45087 Kendrick Villages:East Olga,215,2016-11-13 19:00,2016-11-13 22:00
422,Adventure trip,13,9534 Marquardt Haven:Hegmannstad,216,2016-11-12 17:00,2016-11-12 20:00
423,A BasketBall match,3,9534 Marquardt Haven:Hegmannstad,216,2016-11-12  8:00,2016-11-12 11:00
424,A Football match,1,9534 Marquardt Haven:Hegmannstad,216,2016-11-14  1:00,2016-11-14  4:00
425,A BasketBall match,3,501 Elta Ways:Port Madisenview,217,2016-11-14 19:00,2016-11-14 22:00
426,A Bowling Tournament,4,501 Elta Ways:Port Madisenview,217,2016-11-13 20:00,2016-11-13 23:00
427,A Boxing Match,5,501 Elta Ways:Port Madisenview,217,2016-11-14 14:00,2016-11-14 17:00
428,Adventure trip,13,74455 Fahey Centers:West Judy,218,2016-11-12  7:00,2016-11-12 10:00
429,A Bowling Tournament,4,99538 Connelly Court:Port Chazstad,219,2016-11-13 14:00,2016-11-13 17:00
430,Adventure trip,13,21471 Camila Fork:Elyssaside,220,2016-11-13 10:00,2016-11-13 13:00
431,A Bowling Tournament,4,52458 Anissa Road:Baileymouth,221,2016-11-12 13:00,2016-11-12 16:00
432,A BasketBall match,3,52458 Anissa Road:Baileymouth,221,2016-11-14  3:00,2016-11-14  6:00
433,Adventure trip,13,07427 Erna Rue:Reingerburgh,222,2016-11-14  8:00,2016-11-14 11:00
434,A BasketBall match,3,07427 Erna Rue:Reingerburgh,222,2016-11-14 14:00,2016-11-14 17:00
435,A Football match,1,10987 Lorenz Ridge:Wilhelminemouth,223,2016-11-13 13:00,2016-11-13 16:00
436,A Football match,1,10987 Lorenz Ridge:Wilhelminemouth,223,2016-11-13  3:00,2016-11-13  6:00
437,A Music Concert,8,705 Eldon Course:New Liamport,224,2016-11-13 14:00,2016-11-13 17:00
438,Interested in showing religious places around the city,12,705 Eldon Course:New Liamport,224,2016-11-12  4:00,2016-11-12  7:00
439,A Football match,1,521 Schinner Drives:Litteltown,225,2016-11-12  7:00,2016-11-12 10:00
440,Interested in showing historical places around the city,11,3127 Courtney Unions:Lake Marielle,226,2016-11-14  5:00,2016-11-14  8:00
441,A Football match,1,3127 Courtney Unions:Lake Marielle,226,2016-11-13  9:00,2016-11-13 12:00
442,A Baseball match,2,3127 Courtney Unions:Lake Marielle,226,2016-11-12 16:00,2016-11-12 19:00
443,A Music Concert,8,8250 Jadyn Station:Eloiseside,227,2016-11-13 12:00,2016-11-13 15:00
444,Interested in showing religious places around the city,12,8250 Jadyn Station:Eloiseside,227,2016-11-13  8:00,2016-11-13 11:00
445,A Boxing Match,5,8250 Jadyn Station:Eloiseside,227,2016-11-14 13:00,2016-11-14 16:00
446,An Ice Hockey Match,6,95352 Collins Mills:Stammtown,228,2016-11-12  5:00,2016-11-12  8:00
447,A Bowling Tournament,4,16743 Gorczany Summit:Winonafort,229,2016-11-12 18:00,2016-11-12 21:00
448,A Boxing Match,5,5901 Rolfson Overpass:South Mabelle,230,2016-11-13  2:00,2016-11-13  5:00
449,Interested in showing religious places around the city,12,5901 Rolfson Overpass:South Mabelle,230,2016-11-13 17:00,2016-11-13 20:00
450,A Baseball match,2,1102 Jabari Fork:Lake Mandy,231,2016-11-14  3:00,2016-11-14  6:00
451,A Boxing Match,5,0784 Kuvalis Court:West Scot,232,2016-11-13  1:00,2016-11-13  4:00
452,A Boxing Match,5,0784 Kuvalis Court:West Scot,232,2016-11-14  1:00,2016-11-14  4:00
453,A Music Concert,8,1097 Braden Viaduct:Margaritatown,233,2016-11-14  5:00,2016-11-14  8:00
454,A Boxing Match,5,1097 Braden Viaduct:Margaritatown,233,2016-11-12  9:00,2016-11-12 12:00
455,Adventure trip,13,6788 Alexandrea Junctions:Lebsackport,234,2016-11-13 12:00,2016-11-13 15:00
456,A Baseball match,2,6788 Alexandrea Junctions:Lebsackport,234,2016-11-13 11:00,2016-11-13 14:00
457,Adventure trip,13,6788 Alexandrea Junctions:Lebsackport,234,2016-11-14  7:00,2016-11-14 10:00
458,A Music Concert,8,610 Ayla Cove:South Donald,235,2016-11-14  0:00,2016-11-14  3:00
459,An Ice Hockey Match,6,610 Ayla Cove:South Donald,235,2016-11-14 19:00,2016-11-14 22:00
460,A Football match,1,610 Ayla Cove:South Donald,235,2016-11-12 10:00,2016-11-12 13:00
461,A Soccer Match,7,9368 Rau Groves:Maxwellberg,236,2016-11-13  7:00,2016-11-13 10:00
462,A Football match,1,9368 Rau Groves:Maxwellberg,236,2016-11-14  2:00,2016-11-14  5:00
463,Interested in showing historical places around the city,11,223 Kayli Gardens:Norbertoside,237,2016-11-13  9:00,2016-11-13 12:00
464,A BasketBall match,3,223 Kayli Gardens:Norbertoside,237,2016-11-14 14:00,2016-11-14 17:00
465,A Music Concert,8,003 Enola Pass:North Chandler,238,2016-11-14 19:00,2016-11-14 22:00
466,A Bowling Tournament,4,073 Angela Turnpike:New Chelsieside,239,2016-11-12 15:00,2016-11-12 18:00
467,Adventure trip,13,073 Angela Turnpike:New Chelsieside,239,2016-11-13 13:00,2016-11-13 16:00
468,Trip to a fine art museum,9,073 Angela Turnpike:New Chelsieside,239,2016-11-14  2:00,2016-11-14  5:00
469,A Boxing Match,5,9958 Cassandra Rapids:Edythburgh,240,2016-11-12 20:00,2016-11-12 23:00
470,Trip to a fine art museum,9,9958 Cassandra Rapids:Edythburgh,240,2016-11-12 17:00,2016-11-12 20:00
471,A Music Concert,8,9958 Cassandra Rapids:Edythburgh,240,2016-11-12  3:00,2016-11-12  6:00
472,A Music Concert,8,82407 Stehr Grove:East Simone,241,2016-11-14 18:00,2016-11-14 21:00
473,Interested in showing unique architecture around the city,10,82407 Stehr Grove:East Simone,241,2016-11-13  8:00,2016-11-13 11:00
474,A Bowling Tournament,4,05535 Madge Cape:Emilland,242,2016-11-13 14:00,2016-11-13 17:00
475,Adventure trip,13,05535 Madge Cape:Emilland,242,2016-11-14  9:00,2016-11-14 12:00
476,A BasketBall match,3,05535 Madge Cape:Emilland,242,2016-11-13 10:00,2016-11-13 13:00
477,An Ice Hockey Match,6,5858 Valentin Islands:Ankundingport,243,2016-11-12  3:00,2016-11-12  6:00
478,A Music Concert,8,5858 Valentin Islands:Ankundingport,243,2016-11-12 14:00,2016-11-12 17:00
479,Interested in showing historical places around the city,11,5858 Valentin Islands:Ankundingport,243,2016-11-13 12:00,2016-11-13 15:00
480,A Baseball match,2,7272 Reinger Valleys:West Colby,244,2016-11-13  2:00,2016-11-13  5:00
481,Trip to a fine art museum,9,555 Schuster Lock:Lake Morganbury,245,2016-11-14 18:00,2016-11-14 21:00
482,A Baseball match,2,821 Herzog Club:West Nathanial,246,2016-11-12 14:00,2016-11-12 17:00
483,A Bowling Tournament,4,821 Herzog Club:West Nathanial,246,2016-11-13  0:00,2016-11-13  3:00
484,A Football match,1,821 Herzog Club:West Nathanial,246,2016-11-12 17:00,2016-11-12 20:00
485,Trip to a fine art museum,9,1219 Amalia Causeway:Jerdestad,247,2016-11-13 18:00,2016-11-13 21:00
486,Interested in showing religious places around the city,12,1219 Amalia Causeway:Jerdestad,247,2016-11-12  5:00,2016-11-12  8:00
487,A Baseball match,2,1219 Amalia Causeway:Jerdestad,247,2016-11-14 13:00,2016-11-14 16:00
488,Trip to a fine art museum,9,6872 Fay Stream:Lake Makenna,248,2016-11-14 15:00,2016-11-14 18:00
489,A Bowling Tournament,4,6872 Fay Stream:Lake Makenna,248,2016-11-12  4:00,2016-11-12  7:00
490,A Soccer Match,7,6872 Fay Stream:Lake Makenna,248,2016-11-14 17:00,2016-11-14 20:00
491,A Football match,1,9188 Wisozk Plaza:Hellerside,249,2016-11-14  7:00,2016-11-14 10:00
492,An Ice Hockey Match,6,9188 Wisozk Plaza:Hellerside,249,2016-11-12 19:00,2016-11-12 22:00
493,A Baseball match,2,9188 Wisozk Plaza:Hellerside,249,2016-11-13  4:00,2016-11-13  7:00
494,Trip to a fine art museum,9,6165 Julian Parkways:Rennerland,250,2016-11-14  7:00,2016-11-14 10:00
495,Interested in showing unique architecture around the city,10,6165 Julian Parkways:Rennerland,250,2016-11-12 12:00,2016-11-12 15:00
496,Interested in showing religious places around the city,12,6165 Julian Parkways:Rennerland,250,2016-11-12 17:00,2016-11-12 20:00
497,Interested in showing historical places around the city,11,8091 Champlin Trail:Lianachester,251,2016-11-13  8:00,2016-11-13 11:00
498,Interested in showing religious places around the city,12,8091 Champlin Trail:Lianachester,251,2016-11-14 15:00,2016-11-14 18:00
499,A Bowling Tournament,4,8091 Champlin Trail:Lianachester,251,2016-11-13 17:00,2016-11-13 20:00
500,Trip to a fine art museum,9,255 Jazlyn Skyway:Meghanburgh,252,2016-11-12  5:00,2016-11-12  8:00
501,Interested in showing historical places around the city,11,255 Jazlyn Skyway:Meghanburgh,252,2016-11-13 19:00,2016-11-13 22:00
502,A Soccer Match,7,330 Maya Roads:West Devan,253,2016-11-13 14:00,2016-11-13 17:00
503,Interested in showing historical places around the city,11,330 Maya Roads:West Devan,253,2016-11-14 11:00,2016-11-14 14:00
504,A Football match,1,0989 Wava Turnpike:Humbertostad,254,2016-11-13  9:00,2016-11-13 12:00
505,A Boxing Match,5,0989 Wava Turnpike:Humbertostad,254,2016-11-12 20:00,2016-11-12 23:00
506,Interested in showing historical places around the city,11,0989 Wava Turnpike:Humbertostad,254,2016-11-13 11:00,2016-11-13 14:00
507,Interested in showing historical places around the city,11,237 West Ports:West Jeniferview,255,2016-11-13 17:00,2016-11-13 20:00
508,A BasketBall match,3,237 West Ports:West Jeniferview,255,2016-11-12  6:00,2016-11-12  9:00
509,Interested in showing religious places around the city,12,237 West Ports:West Jeniferview,255,2016-11-14  8:00,2016-11-14 11:00
510,Interested in showing unique architecture around the city,10,60920 Fisher Stream:Port Gino,256,2016-11-12 15:00,2016-11-12 18:00
511,A Football match,1,06485 Hazel Divide:South Camryn,257,2016-11-14 15:00,2016-11-14 18:00
512,A Boxing Match,5,06485 Hazel Divide:South Camryn,257,2016-11-12  3:00,2016-11-12  6:00
513,Interested in showing historical places around the city,11,06485 Hazel Divide:South Camryn,257,2016-11-13  9:00,2016-11-13 12:00
514,A Football match,1,38889 Morissette Street:Urbanfurt,258,2016-11-13 10:00,2016-11-13 13:00
515,A Baseball match,2,38889 Morissette Street:Urbanfurt,258,2016-11-14 14:00,2016-11-14 17:00
516,An Ice Hockey Match,6,38889 Morissette Street:Urbanfurt,258,2016-11-12 15:00,2016-11-12 18:00
517,Trip to a fine art museum,9,890 Tony Highway:Bretberg,259,2016-11-12  6:00,2016-11-12  9:00
518,A Soccer Match,7,43550 Ferry Mount:West Owenburgh,260,2016-11-12 12:00,2016-11-12 15:00
519,A Music Concert,8,691 Paucek Vista:Pacochabury,261,2016-11-14 15:00,2016-11-14 18:00
520,Trip to a fine art museum,9,18913 Ryann Ranch:Port Martine,262,2016-11-12  3:00,2016-11-12  6:00
521,Interested in showing unique architecture around the city,10,18913 Ryann Ranch:Port Martine,262,2016-11-12  3:00,2016-11-12  6:00
522,A Music Concert,8,5946 Allie Fall:Romaside,263,2016-11-13  2:00,2016-11-13  5:00
523,A Bowling Tournament,4,5946 Allie Fall:Romaside,263,2016-11-12 10:00,2016-11-12 13:00
524,A Music Concert,8,5946 Allie Fall:Romaside,263,2016-11-12 12:00,2016-11-12 15:00
525,A BasketBall match,3,927 Jeffery Coves:Lake Renefort,264,2016-11-13 15:00,2016-11-13 18:00
526,A Football match,1,927 Jeffery Coves:Lake Renefort,264,2016-11-13 16:00,2016-11-13 19:00
527,Trip to a fine art museum,9,951 Will Villages:North Trinitybury,265,2016-11-14 12:00,2016-11-14 15:00
528,A BasketBall match,3,951 Will Villages:North Trinitybury,265,2016-11-12  8:00,2016-11-12 11:00
529,Interested in showing historical places around the city,11,97088 Brown Overpass:Vernerfort,266,2016-11-12  4:00,2016-11-12  7:00
530,Adventure trip,13,343 Amya Manors:Townehaven,267,2016-11-12  5:00,2016-11-12  8:00
531,Trip to a fine art museum,9,343 Amya Manors:Townehaven,267,2016-11-12 18:00,2016-11-12 21:00
532,A Music Concert,8,343 Amya Manors:Townehaven,267,2016-11-12  9:00,2016-11-12 12:00
533,Trip to a fine art museum,9,100 Everardo Divide:Nyasiaberg,268,2016-11-12 15:00,2016-11-12 18:00
534,A BasketBall match,3,100 Everardo Divide:Nyasiaberg,268,2016-11-13 19:00,2016-11-13 22:00
535,A Baseball match,2,5505 Stanton Inlet:East Jaimeside,269,2016-11-14  7:00,2016-11-14 10:00
536,An Ice Hockey Match,6,5505 Stanton Inlet:East Jaimeside,269,2016-11-14  1:00,2016-11-14  4:00
537,Adventure trip,13,053 Brooks Glens:South Loyce,270,2016-11-13 12:00,2016-11-13 15:00
538,A Music Concert,8,053 Brooks Glens:South Loyce,270,2016-11-13 10:00,2016-11-13 13:00
539,Interested in showing historical places around the city,11,934 Harber Drives:West Astridtown,271,2016-11-12 11:00,2016-11-12 14:00
540,Trip to a fine art museum,9,934 Harber Drives:West Astridtown,271,2016-11-13  8:00,2016-11-13 11:00
541,Interested in showing historical places around the city,11,934 Harber Drives:West Astridtown,271,2016-11-12 15:00,2016-11-12 18:00
542,Trip to a fine art museum,9,074 Kayli Ford:North Zaria,272,2016-11-13 17:00,2016-11-13 20:00
543,An Ice Hockey Match,6,074 Kayli Ford:North Zaria,272,2016-11-13  0:00,2016-11-13  3:00
544,Interested in showing religious places around the city,12,13473 Osbaldo Mount:North Humberto,273,2016-11-12 10:00,2016-11-12 13:00
545,A BasketBall match,3,13473 Osbaldo Mount:North Humberto,273,2016-11-14  5:00,2016-11-14  8:00
546,A Bowling Tournament,4,4226 Charley Island:Veumhaven,274,2016-11-13 17:00,2016-11-13 20:00
547,An Ice Hockey Match,6,4226 Charley Island:Veumhaven,274,2016-11-13 18:00,2016-11-13 21:00
548,A BasketBall match,3,478 Steuber Street:West Timmybury,275,2016-11-12  4:00,2016-11-12  7:00
549,Adventure trip,13,478 Steuber Street:West Timmybury,275,2016-11-12 11:00,2016-11-12 14:00
550,A Music Concert,8,478 Steuber Street:West Timmybury,275,2016-11-12 16:00,2016-11-12 19:00
551,A Music Concert,8,584 Konopelski Springs:Lake Jany,276,2016-11-13 18:00,2016-11-13 21:00
552,Interested in showing unique architecture around the city,10,623 McClure Manor:North Brian,277,2016-11-12 11:00,2016-11-12 14:00
553,Interested in showing historical places around the city,11,623 McClure Manor:North Brian,277,2016-11-13  7:00,2016-11-13 10:00
554,Trip to a fine art museum,9,623 McClure Manor:North Brian,277,2016-11-14 20:00,2016-11-14 23:00
555,A Music Concert,8,47868 Stroman Mission:Lake Trevabury,278,2016-11-12 13:00,2016-11-12 16:00
556,A Baseball match,2,567 Rhett Ranch:South Katarina,279,2016-11-13 19:00,2016-11-13 22:00
557,A Bowling Tournament,4,1182 Okuneva Glen:New Sebastian,280,2016-11-13  8:00,2016-11-13 11:00
558,A BasketBall match,3,50174 Sandra Drive:North Minnie,281,2016-11-13 11:00,2016-11-13 14:00
559,Adventure trip,13,50174 Sandra Drive:North Minnie,281,2016-11-14 11:00,2016-11-14 14:00
560,A Music Concert,8,50174 Sandra Drive:North Minnie,281,2016-11-12 10:00,2016-11-12 13:00
561,A BasketBall match,3,414 Burdette Forge:West Floshire,282,2016-11-12  4:00,2016-11-12  7:00
562,Adventure trip,13,414 Burdette Forge:West Floshire,282,2016-11-14 18:00,2016-11-14 21:00
563,Interested in showing unique architecture around the city,10,33600 Reid Lodge:West Angel,283,2016-11-14 10:00,2016-11-14 13:00
564,A Boxing Match,5,33600 Reid Lodge:West Angel,283,2016-11-14 16:00,2016-11-14 19:00
565,Interested in showing unique architecture around the city,10,33600 Reid Lodge:West Angel,283,2016-11-12 15:00,2016-11-12 18:00
566,An Ice Hockey Match,6,365 Stracke Walks:Port Verla,284,2016-11-14  3:00,2016-11-14  6:00
567,Interested in showing unique architecture around the city,10,7270 Cronin Ramp:Bartonstad,285,2016-11-14 19:00,2016-11-14 22:00
568,Interested in showing unique architecture around the city,10,9309 Gusikowski Underpass:Crystalland,286,2016-11-14  2:00,2016-11-14  5:00
569,Adventure trip,13,9309 Gusikowski Underpass:Crystalland,286,2016-11-12  7:00,2016-11-12 10:00
570,A Football match,1,9309 Gusikowski Underpass:Crystalland,286,2016-11-12 16:00,2016-11-12 19:00
571,A BasketBall match,3,346 Predovic Extension:Estachester,287,2016-11-12 16:00,2016-11-12 19:00
572,Interested in showing historical places around the city,11,84357 Hassan Extensions:Port Rodrickside,288,2016-11-12 17:00,2016-11-12 20:00
573,Interested in showing unique architecture around the city,10,83297 Franecki Dam:East Estevan,289,2016-11-12 11:00,2016-11-12 14:00
574,Trip to a fine art museum,9,83297 Franecki Dam:East Estevan,289,2016-11-12  3:00,2016-11-12  6:00
575,An Ice Hockey Match,6,83297 Franecki Dam:East Estevan,289,2016-11-14 19:00,2016-11-14 22:00
576,A BasketBall match,3,8164 Derek Isle:Port Mallie,290,2016-11-14 10:00,2016-11-14 13:00
577,Interested in showing religious places around the city,12,8164 Derek Isle:Port Mallie,290,2016-11-12 13:00,2016-11-12 16:00
578,Interested in showing religious places around the city,12,8164 Derek Isle:Port Mallie,290,2016-11-13  1:00,2016-11-13  4:00
579,A Baseball match,2,04729 Conn Extensions:Lake Kole,291,2016-11-13  2:00,2016-11-13  5:00
580,Interested in showing historical places around the city,11,5952 Sawayn Path:South Ahmadshire,292,2016-11-12  6:00,2016-11-12  9:00
581,A Football match,1,5952 Sawayn Path:South Ahmadshire,292,2016-11-12  0:00,2016-11-12  3:00
582,A Bowling Tournament,4,5952 Sawayn Path:South Ahmadshire,292,2016-11-14 14:00,2016-11-14 17:00
583,Interested in showing unique architecture around the city,10,315 Swaniawski Brooks:East Briannefurt,293,2016-11-12  4:00,2016-11-12  7:00
584,An Ice Hockey Match,6,315 Swaniawski Brooks:East Briannefurt,293,2016-11-12  1:00,2016-11-12  4:00
585,Interested in showing unique architecture around the city,10,315 Swaniawski Brooks:East Briannefurt,293,2016-11-13 18:00,2016-11-13 21:00
586,An Ice Hockey Match,6,09306 Mose Spring:Windlertown,294,2016-11-13 20:00,2016-11-13 23:00
587,A Soccer Match,7,09306 Mose Spring:Windlertown,294,2016-11-13 14:00,2016-11-13 17:00
588,A Soccer Match,7,09306 Mose Spring:Windlertown,294,2016-11-12 17:00,2016-11-12 20:00
589,An Ice Hockey Match,6,10766 Margarett Causeway:Trantowshire,295,2016-11-13  2:00,2016-11-13  5:00
590,An Ice Hockey Match,6,511 Turcotte Road:Gunnerport,296,2016-11-13 12:00,2016-11-13 15:00
591,A Football match,1,404 Doyle Hills:South Shayleeshire,297,2016-11-14 17:00,2016-11-14 20:00
592,Interested in showing religious places around the city,12,404 Doyle Hills:South Shayleeshire,297,2016-11-12 20:00,2016-11-12 23:00
593,Interested in showing unique architecture around the city,10,404 Doyle Hills:South Shayleeshire,297,2016-11-13 19:00,2016-11-13 22:00
594,A Baseball match,2,0341 McClure Pike:Edwardochester,298,2016-11-12  6:00,2016-11-12  9:00
595,A Football match,1,0341 McClure Pike:Edwardochester,298,2016-11-13  2:00,2016-11-13  5:00
596,An Ice Hockey Match,6,45567 Rossie Fields:Prosaccomouth,299,2016-11-14  8:00,2016-11-14 11:00
597,Trip to a fine art museum,9,810 Conn Causeway:New Pete,300,2016-11-12  2:00,2016-11-12  5:00
598,A Soccer Match,7,810 Conn Causeway:New Pete,300,2016-11-12  5:00,2016-11-12  8:00
599,A Baseball match,2,810 Conn Causeway:New Pete,300,2016-11-13  6:00,2016-11-13  9:00
600,A Boxing Match,5,7810 Mortimer Mill:West Bradleymouth,301,2016-11-13  3:00,2016-11-13  6:00
601,A Bowling Tournament,4,7810 Mortimer Mill:West Bradleymouth,301,2016-11-13 16:00,2016-11-13 19:00
602,A Boxing Match,5,7810 Mortimer Mill:West Bradleymouth,301,2016-11-12  1:00,2016-11-12  4:00
603,A Baseball match,2,7280 Reichert Common:Clydeside,302,2016-11-12  8:00,2016-11-12 11:00
604,Adventure trip,13,7280 Reichert Common:Clydeside,302,2016-11-14 17:00,2016-11-14 20:00
605,A Boxing Match,5,7280 Reichert Common:Clydeside,302,2016-11-13  6:00,2016-11-13  9:00
606,A Bowling Tournament,4,70282 Joel Lane:Hickleview,303,2016-11-12 16:00,2016-11-12 19:00
607,Adventure trip,13,842 Oceane Fork:Coopermouth,304,2016-11-12 20:00,2016-11-12 23:00
608,A Boxing Match,5,842 Oceane Fork:Coopermouth,304,2016-11-13 17:00,2016-11-13 20:00
609,A BasketBall match,3,842 Oceane Fork:Coopermouth,304,2016-11-13 13:00,2016-11-13 16:00
610,A Soccer Match,7,50995 Becker Haven:New Maritzafurt,305,2016-11-12  4:00,2016-11-12  7:00
611,A Baseball match,2,50995 Becker Haven:New Maritzafurt,305,2016-11-13 12:00,2016-11-13 15:00
612,Interested in showing unique architecture around the city,10,50995 Becker Haven:New Maritzafurt,305,2016-11-12  3:00,2016-11-12  6:00
613,A Music Concert,8,21965 Reichert Rapids:New Tessie,306,2016-11-13  6:00,2016-11-13  9:00
614,A BasketBall match,3,713 Cummings Grove:Kihnchester,307,2016-11-12 19:00,2016-11-12 22:00
615,Trip to a fine art museum,9,7772 Vaughn Station:East Dawson,308,2016-11-13 13:00,2016-11-13 16:00
616,A Football match,1,7772 Vaughn Station:East Dawson,308,2016-11-13 11:00,2016-11-13 14:00
617,A Soccer Match,7,80772 Ray Trail:Lake Delphiabury,309,2016-11-13  3:00,2016-11-13  6:00
618,A Boxing Match,5,80772 Ray Trail:Lake Delphiabury,309,2016-11-12  1:00,2016-11-12  4:00
619,A BasketBall match,3,80772 Ray Trail:Lake Delphiabury,309,2016-11-14  3:00,2016-11-14  6:00
620,A Football match,1,5419 Streich Locks:Lake Idellachester,310,2016-11-13 14:00,2016-11-13 17:00
621,A Bowling Tournament,4,49792 Mohr Knolls:Irwinhaven,311,2016-11-13  6:00,2016-11-13  9:00
622,A BasketBall match,3,49792 Mohr Knolls:Irwinhaven,311,2016-11-14  7:00,2016-11-14 10:00
623,A Soccer Match,7,4172 Pagac Parks:West Kathryntown,312,2016-11-14  2:00,2016-11-14  5:00
624,An Ice Hockey Match,6,4172 Pagac Parks:West Kathryntown,312,2016-11-12 14:00,2016-11-12 17:00
625,A Boxing Match,5,4172 Pagac Parks:West Kathryntown,312,2016-11-13 18:00,2016-11-13 21:00
626,An Ice Hockey Match,6,3160 Jimmie Lights:North Joany,313,2016-11-14  8:00,2016-11-14 11:00
627,A Baseball match,2,659 Consuelo Harbor:South Alishaburgh,314,2016-11-13  9:00,2016-11-13 12:00
628,A Football match,1,83154 Crist Spurs:Fletcherville,315,2016-11-13  5:00,2016-11-13  8:00
629,Interested in showing unique architecture around the city,10,83154 Crist Spurs:Fletcherville,315,2016-11-13 18:00,2016-11-13 21:00
630,A Music Concert,8,7306 Feeney Union:North Groverside,316,2016-11-14  4:00,2016-11-14  7:00
631,A Football match,1,7306 Feeney Union:North Groverside,316,2016-11-13 16:00,2016-11-13 19:00
632,Trip to a fine art museum,9,7306 Feeney Union:North Groverside,316,2016-11-14 11:00,2016-11-14 14:00
633,A Baseball match,2,1599 Pouros Camp:Yoshikoshire,317,2016-11-14  6:00,2016-11-14  9:00
634,A Boxing Match,5,1599 Pouros Camp:Yoshikoshire,317,2016-11-13  3:00,2016-11-13  6:00
635,A Music Concert,8,864 Monique Fords:New Gianni,318,2016-11-13 12:00,2016-11-13 15:00
636,A Soccer Match,7,864 Monique Fords:New Gianni,318,2016-11-12 11:00,2016-11-12 14:00
637,A Boxing Match,5,864 Monique Fords:New Gianni,318,2016-11-14 13:00,2016-11-14 16:00
638,A Boxing Match,5,4060 Dayana Gateway:Millieshire,319,2016-11-13  7:00,2016-11-13 10:00
639,Interested in showing unique architecture around the city,10,81276 Tessie River:South Cletus,320,2016-11-12 17:00,2016-11-12 20:00
640,Interested in showing unique architecture around the city,10,81276 Tessie River:South Cletus,320,2016-11-13 15:00,2016-11-13 18:00
641,A BasketBall match,3,81276 Tessie River:South Cletus,320,2016-11-12  2:00,2016-11-12  5:00
642,Trip to a fine art museum,9,226 Jesus Prairie:Armstrongport,321,2016-11-13 20:00,2016-11-13 23:00
643,Trip to a fine art museum,9,226 Jesus Prairie:Armstrongport,321,2016-11-13 19:00,2016-11-13 22:00
644,Interested in showing religious places around the city,12,226 Jesus Prairie:Armstrongport,321,2016-11-12 20:00,2016-11-12 23:00
645,A Boxing Match,5,3099 Herman Coves:Port Eulalia,322,2016-11-12  7:00,2016-11-12 10:00
646,A Football match,1,4976 Gerlach Mills:New Monty,323,2016-11-13  8:00,2016-11-13 11:00
647,A Bowling Tournament,4,4976 Gerlach Mills:New Monty,323,2016-11-14  0:00,2016-11-14  3:00
648,Interested in showing historical places around the city,11,747 Sawayn Ramp:Auermouth,324,2016-11-13  7:00,2016-11-13 10:00
649,An Ice Hockey Match,6,57920 Powlowski Stream:Zoiebury,325,2016-11-13 12:00,2016-11-13 15:00
650,A Soccer Match,7,57920 Powlowski Stream:Zoiebury,325,2016-11-12 20:00,2016-11-12 23:00
651,Trip to a fine art museum,9,57920 Powlowski Stream:Zoiebury,325,2016-11-13  9:00,2016-11-13 12:00
652,A Music Concert,8,664 Rosenbaum Drive:Bartelltown,326,2016-11-14  0:00,2016-11-14  3:00
653,Trip to a fine art museum,9,664 Rosenbaum Drive:Bartelltown,326,2016-11-14 11:00,2016-11-14 14:00
654,A Soccer Match,7,13042 Greenfelder Valleys:East Torreystad,327,2016-11-12 13:00,2016-11-12 16:00
655,A Baseball match,2,13042 Greenfelder Valleys:East Torreystad,327,2016-11-13 19:00,2016-11-13 22:00
656,A Baseball match,2,16470 Padberg Avenue:South Evertside,328,2016-11-13 19:00,2016-11-13 22:00
657,A Baseball match,2,16470 Padberg Avenue:South Evertside,328,2016-11-14  3:00,2016-11-14  6:00
658,A BasketBall match,3,16470 Padberg Avenue:South Evertside,328,2016-11-13  4:00,2016-11-13  7:00
659,Interested in showing religious places around the city,12,18761 Haag Mill:Lake Lester,329,2016-11-13  0:00,2016-11-13  3:00
660,Trip to a fine art museum,9,18761 Haag Mill:Lake Lester,329,2016-11-14 10:00,2016-11-14 13:00
661,A Baseball match,2,18761 Haag Mill:Lake Lester,329,2016-11-12  6:00,2016-11-12  9:00
662,A Baseball match,2,613 Gottlieb Tunnel:Runteshire,330,2016-11-14 18:00,2016-11-14 21:00
663,A Baseball match,2,613 Gottlieb Tunnel:Runteshire,330,2016-11-12 10:00,2016-11-12 13:00
664,A Soccer Match,7,613 Gottlieb Tunnel:Runteshire,330,2016-11-13 20:00,2016-11-13 23:00
665,Adventure trip,13,1852 Grayson Greens:Lake Shyanne,331,2016-11-13 17:00,2016-11-13 20:00
666,A Music Concert,8,51223 Constantin Ridge:South Claudie,332,2016-11-12 10:00,2016-11-12 13:00
667,An Ice Hockey Match,6,282 Oral Isle:North Betsy,333,2016-11-12  0:00,2016-11-12  3:00
668,A Music Concert,8,80174 Willms Hill:Bodehaven,334,2016-11-12 19:00,2016-11-12 22:00
669,A Bowling Tournament,4,80174 Willms Hill:Bodehaven,334,2016-11-13  7:00,2016-11-13 10:00
670,A BasketBall match,3,063 Collier Harbors:West Rosalee,335,2016-11-12  5:00,2016-11-12  8:00
671,A Baseball match,2,702 Sadye Via:Baumbachborough,336,2016-11-13  0:00,2016-11-13  3:00
672,Interested in showing unique architecture around the city,10,188 Spinka Heights:Port Yasmeen,337,2016-11-13 14:00,2016-11-13 17:00
673,Trip to a fine art museum,9,724 Elyse Road:Ozellafurt,338,2016-11-12 19:00,2016-11-12 22:00
674,Interested in showing religious places around the city,12,9372 Noe Harbors:East Madelinehaven,339,2016-11-14  5:00,2016-11-14  8:00
675,Interested in showing historical places around the city,11,9372 Noe Harbors:East Madelinehaven,339,2016-11-14  6:00,2016-11-14  9:00
676,Trip to a fine art museum,9,2679 Dickens Plain:Dibbertshire,340,2016-11-12 16:00,2016-11-12 19:00
677,A Football match,1,2679 Dickens Plain:Dibbertshire,340,2016-11-13 13:00,2016-11-13 16:00
678,Interested in showing unique architecture around the city,10,2679 Dickens Plain:Dibbertshire,340,2016-11-12 16:00,2016-11-12 19:00
679,Interested in showing unique architecture around the city,10,27310 Deven Unions:Lemuelview,341,2016-11-13  0:00,2016-11-13  3:00
680,Interested in showing religious places around the city,12,27310 Deven Unions:Lemuelview,341,2016-11-14  1:00,2016-11-14  4:00
681,Interested in showing religious places around the city,12,27310 Deven Unions:Lemuelview,341,2016-11-13 15:00,2016-11-13 18:00
682,Interested in showing unique architecture around the city,10,96109 Zora Glen:Maxbury,342,2016-11-13  6:00,2016-11-13  9:00
683,Trip to a fine art museum,9,96109 Zora Glen:Maxbury,342,2016-11-12 18:00,2016-11-12 21:00
684,Interested in showing religious places around the city,12,609 Herbert Parkways:Lake Lora,343,2016-11-12  6:00,2016-11-12  9:00
685,Interested in showing religious places around the city,12,609 Herbert Parkways:Lake Lora,343,2016-11-13  4:00,2016-11-13  7:00
686,A Music Concert,8,609 Herbert Parkways:Lake Lora,343,2016-11-12 19:00,2016-11-12 22:00
687,A Baseball match,2,685 Franecki Trail:North Jesseborough,344,2016-11-14 15:00,2016-11-14 18:00
688,Interested in showing unique architecture around the city,10,223 Dangelo Mountains:Damienhaven,345,2016-11-14  9:00,2016-11-14 12:00
689,A Boxing Match,5,54462 Lehner Flat:West Henderson,346,2016-11-13 12:00,2016-11-13 15:00
690,A Boxing Match,5,4793 Albina Trafficway:Julietstad,347,2016-11-13 10:00,2016-11-13 13:00
691,A Boxing Match,5,4793 Albina Trafficway:Julietstad,347,2016-11-12 15:00,2016-11-12 18:00
692,Adventure trip,13,446 Rowe Ridges:Port Stacey,348,2016-11-14  0:00,2016-11-14  3:00
693,A Football match,1,80356 Buckridge Viaduct:Gerholdton,349,2016-11-13 19:00,2016-11-13 22:00
694,Interested in showing religious places around the city,12,80356 Buckridge Viaduct:Gerholdton,349,2016-11-13 14:00,2016-11-13 17:00
695,A Soccer Match,7,80356 Buckridge Viaduct:Gerholdton,349,2016-11-14 14:00,2016-11-14 17:00
696,A Music Concert,8,37635 Diamond Meadow:New Alisa,350,2016-11-14  4:00,2016-11-14  7:00
