1,Rosella,Marquardt,Marquardt.R@gmail.com,1-593-047-9710,skfmxrldxyiPD,397 Jazmyne Inlet:West Lisa,13,2.8
2,Deondre,Wuckert,Wuckert.D@gmail.com,740-074-8604,hdomCPHW,46848 Kertzmann Keys:McKenzieview,9,0
3,Keeley,Wiegand,Wiegand.K@gmail.com,431.697.6171,lpBKAJRFWNEHTYQ,483 Leo Green:North Roman,24,2.1
4,Kadin,Hettinger,Hettinger.K@gmail.com,097-391-9363,knijSOLC,69297 Leanne Forges:Elainahaven,24,3.3
5,Ellsworth,Bartoletti,Bartoletti.E@gmail.com,546.309.5733,jhmdruxA,19143 Minnie Tunnel:New Lincoln,24,1
6,Demarcus,Bode,Bode.D@gmail.com,(483) 792-8968,hCCULKIAQW,0258 Deion Track:Adamston,10,2.5
7,Marshall,Erdman,Erdman.M@gmail.com,840-596-6106,gxsrcUCAZ,62815 Clement Lodge:Augustusberg,16,2.7
8,Frank,O'Reilly,O'Reilly.F@gmail.com,1-917-207-5259,vhsohPAIEL,6683 Klocko Glens:Port Rahsaan,23,4.8
9,Orin,Schuppe,Schuppe.O@gmail.com,(806) 971-5907,cqfjmxMQG,62118 Retha Valley:Lake Pricemouth,17,2.5
10,Osbaldo,Rutherford,Rutherford.O@gmail.com,(920) 588-4596,jvkscGLFIG,783 Aubree Tunnel:East Junius,22,0.4
11,Neil,Batz,Batz.N@gmail.com,680.931.5254,vtITLKXOQGYPPBHW,386 Vivienne Ville:New Aishamouth,5,2.6
12,Humberto,Medhurst,Medhurst.H@gmail.com,(655) 656-0390,htXXPXGTTYMJ,17702 Adams Place:Boston,22,1.1
13,Dayna,Macejkovic,Macejkovic.D@gmail.com,082-971-9090,zhvmUZUNED,4462 Cummings Cliff:Boston,10,2.9
14,Ashlynn,Zulauf,Zulauf.A@gmail.com,(262) 821-7993,jvbpktvCG,90562 Feil Mountains:Port Lonie,14,2
15,Cecelia,Lang,Lang.C@gmail.com,1-422-949-1211,jukcxjcyutaU,8056 Wuckert Prairie:West Bradly,15,3.9
16,Krista,Krajcik,Krajcik.K@gmail.com,066-317-7139,reawxOKAOLUT,83393 Rohan Fields:Shaynafort,16,3.2
17,Mckenna,Grimes,Grimes.M@gmail.com,256.819.7179,vVYGTDAT,44996 Jerel Coves:Ryanberg,11,2.8
18,Monserrate,Ward,Ward.M@gmail.com,350-707-2636,bbbcscnslnfjlLF,18022 Swift Plaza:Kamrynside,17,2.1
19,Rogers,O'Connell,O'Connell.R@gmail.com,595-465-0706,uxiBGVVQ,69288 Bobbie Trace:Boston,19,2.4
20,Syble,Hartmann,Hartmann.S@gmail.com,809-645-2330,javpaLTH,2203 Myron Manor:Crawfordside,13,2.6
21,Helena,Aufderhar,Aufderhar.H@gmail.com,(325) 740-4714,rpoetmlocbxFFFFD,6049 Chandler Pines:Beckerfurt,14,1.9
22,Hudson,Kshlerin,Kshlerin.H@gmail.com,(447) 538-5240,lcrmegcGB,55543 Ruthe Loop:Feestfurt,12,0.5
23,Casimir,Nitzsche,Nitzsche.C@gmail.com,341.512.1554,anewxhWWPSCEW,551 Carlo Haven:North Mckenna,20,4.9
24,Brian,Skiles,Skiles.B@gmail.com,1-345-663-6342,csaixiEBLCWW,01968 Herman Groves:East Antwon,21,2.7
25,Bradley,Hirthe,Hirthe.B@gmail.com,782.119.5133,wvnsSEQBZED,613 Bode Ways:Eleazarside,11,4.8
26,Juston,Luettgen,Luettgen.J@gmail.com,(348) 072-0624,eKGJCTFJ,48939 Moen Mission:South Icieton,12,0.7
27,Yazmin,Denesik,Denesik.Y@gmail.com,849.188.6454,rowodLJU,11174 Kozey Camp:Faheymouth,12,1.5
28,Bryce,Grady,Grady.B@gmail.com,963.663.7745,txpzpfbzMYZIO,14532 Olson Ferry:Gideonchester,18,4.6
29,Mohammed,Cummings,Cummings.M@gmail.com,682-361-5676,cqjljncEHVNEB,647 Viola Keys:Brownborough,25,1.1
30,Janiya,Heathcote,Heathcote.J@gmail.com,(673) 899-9241,tqhxPCRWKNQCFCLD,36012 Sylvan Corner:Robelberg,23,4.6
31,Miracle,Nader,Nader.M@gmail.com,043.153.4797,twrhtyvFBZRZRIA,1281 Mayer Gardens:Port Tobinshire,10,1.9
32,April,Mertz,Mertz.A@gmail.com,918-167-6132,ybeavhwbSTVLZGP,21729 O'Connell Brooks:Lake Curtport,8,1.2
33,Modesta,Senger,Senger.M@gmail.com,1-658-452-5448,ahqTWLCHUS,050 Hills Ferry:Jedidiahchester,10,3.2
34,Hilbert,Schoen,Schoen.H@gmail.com,991.533.9458,yglVQVEJVVXVRCD,15643 Satterfield Island:Kundemouth,9,0
35,Jimmie,Williamson,Williamson.J@gmail.com,924-987-0772,azquKRBKJYYSSL,502 Jedidiah Falls:East Kristytown,15,4.3
36,Doyle,Gutmann,Gutmann.D@gmail.com,1-933-862-8467,jSUMPTJLLH,97644 Ritchie Shores:Kyraside,9,3.6
37,Jay,Rowe,Rowe.J@gmail.com,285.340.4482,cqimFQWLKGUFIVKC,216 Chelsie Divide:Alexandermouth,12,2.1
38,Luther,Marvin,Marvin.L@gmail.com,512.608.3042,czkthCZWTNUTH,898 Earlene Stravenue:New Freedaport,17,1.5
39,Aglae,Grady,Grady.A@gmail.com,774-557-3496,xabfeskG,4453 Wintheiser Rest:East Ola,11,3.1
40,Telly,Barton,Barton.T@gmail.com,728.357.0725,hqtljDCHO,0169 Roberta Fords:Stantonbury,20,3.4
41,Eliezer,Pfeffer,Pfeffer.E@gmail.com,1-455-108-2091,japouZMMQSB,53621 Schinner Throughway:West Emmanuelleport,9,1.4
42,Camila,Gutkowski,Gutkowski.C@gmail.com,(578) 769-0567,eyhpigqlsKNG,0023 Darlene Lights:Lake Jarrod,12,2.3
43,Raleigh,Muller,Muller.R@gmail.com,303-368-9188,ocgahBUXZQYFDCZH,63101 Leo Corners:South Devantefort,7,4
44,Clare,Bruen,Bruen.C@gmail.com,1-837-090-2900,nbfkmBAPOAZ,186 Gladyce Union:Ornbury,13,3.6
45,Ophelia,Thompson,Thompson.O@gmail.com,1-138-551-1846,qmzsfzMMGSAUSXW,3301 Mosciski Ferry:Port Odieport,17,0.4
46,Mylene,Kirlin,Kirlin.M@gmail.com,688.714.0901,qtmwpNZH,3106 Domenic Landing:Metzshire,13,3.9
47,Myriam,Mohr,Mohr.M@gmail.com,320-082-2292,xnuXOTAWHOG,3407 Millie Pike:Abelborough,22,0.2
48,Meredith,Stracke,Stracke.M@gmail.com,1-500-943-2982,yffaaISS,329 Nora Bypass:East Nickolas,17,4.4
49,Jerald,Cronin,Cronin.J@gmail.com,(467) 126-6805,ghrjfdKL,49651 Mandy Hill:Lake Sylvia,25,4
50,Royal,Gusikowski,Gusikowski.R@gmail.com,066.999.4384,hpwcGVOT,25555 Winnifred Freeway:East Kimberlyhaven,22,2.1
51,Candice,Lynch,Lynch.C@gmail.com,141.701.5971,vcmZSCEKVNWOE,384 Sylvia Throughway:East Haliestad,25,4.4
52,Grayson,Rodriguez,Rodriguez.G@gmail.com,740-269-2654,lxESCXHIZ,892 Vaughn Pike:New Bennieview,18,2.2
53,Royal,Hyatt,Hyatt.R@gmail.com,(571) 142-8197,pkqamjoeWJKWOCIU,3821 Randal Square:South Hiramhaven,21,0.4
54,Tremayne,Konopelski,Konopelski.T@gmail.com,860.601.6108,vhcuwqEH,3936 Moen Mountains:East Marlon,21,0
55,Aliya,Powlowski,Powlowski.A@gmail.com,1-993-926-0997,hyqnkwyvIBB,742 Timmy Bypass:North Aldenland,6,1.1
56,Rose,Watsica,Watsica.R@gmail.com,784.955.8847,qifkoOAPH,028 Hilll Port:Legrosborough,19,3.1
57,Elvis,Tromp,Tromp.E@gmail.com,(012) 175-8264,toxoxGAMTVCMQTBD,3486 Conn Haven:New Joanbury,9,3.6
58,Shanny,O'Keefe,O'Keefe.S@gmail.com,(166) 350-4780,uqiJGJCAEBID,21015 DuBuque Rapid:Carrollview,24,2.7
59,Ryan,Walter,Walter.R@gmail.com,779.570.2092,bwbzeixqauKW,06307 Jacobson Keys:Rubyeton,12,4.3
60,Katharina,Daugherty,Daugherty.K@gmail.com,149-715-8946,ptWVMXVJUIYVK,92266 Cleta Skyway:Roobside,13,1.5
61,Jalon,Wolf,Wolf.J@gmail.com,(587) 013-4073,eAEZQJEHRITWLYV,728 Robyn Fields:Purdyland,20,1.8
62,Travon,Veum,Veum.T@gmail.com,1-027-100-7388,jWLBJZYCRCJQSCE,3941 Josefa Orchard:MacGyverside,20,1.5
63,Mariah,Stark,Stark.M@gmail.com,(131) 281-1296,cuwniibrrteDU,76045 Jayde Island:Toreyburgh,25,1.4
64,Delaney,Will,Will.D@gmail.com,647.181.5450,etlbeyhKYEX,745 Wolff Garden:Port Cortney,24,2
65,Lottie,Metz,Metz.L@gmail.com,690-080-7573,piakjFOP,49301 Reynolds Rapids:Nevaport,25,3.6
66,Hunter,Wisozk,Wisozk.H@gmail.com,929.776.3145,pnxfqszptsegIBT,63566 Dicki Streets:Coraville,24,1.7
67,Jalon,Frami,Frami.J@gmail.com,204-005-4645,bWVQEFELU,259 Hazle Fort:West Chelsea,7,0.1
68,Lupe,Stark,Stark.L@gmail.com,1-998-385-0425,jmwsrrvneiraFI,6375 Kihn Station:Christophermouth,11,4.6
69,Reyna,Gusikowski,Gusikowski.R@gmail.com,214-489-7961,ySIUSCNZKDGXA,2069 Sherwood Mountain:New Natalia,15,3.3
70,Queenie,Stoltenberg,Stoltenberg.Q@gmail.com,(241) 579-7757,aovycjKZRYERL,096 Selmer Brooks:Lake Aniyahmouth,15,1.4
71,Hunter,Haag,Haag.H@gmail.com,(384) 615-3274,aqluovccRVXBPDKG,29962 Dolores Centers:Port Macie,15,2.2
72,Eliane,Trantow,Trantow.E@gmail.com,175-058-2676,nwhdnbcsEZKAMH,004 Keebler Port:Tremblayhaven,14,3.7
73,Terrence,Wolf,Wolf.T@gmail.com,(776) 567-8192,foSFQCBPUTXZXNH,462 Lakin Estates:Lefflerfort,20,0.7
74,Zackary,Tillman,Tillman.Z@gmail.com,1-289-863-3378,ytaxhQICCMNQWV,89871 Jarrod Station:Port Maximo,18,2.3
75,Maximilian,Bernhard,Bernhard.M@gmail.com,542-717-9549,hfkvldPGKV,32517 Stiedemann Ferry:Lake Myra,17,0.5
76,Lorenz,Dooley,Dooley.L@gmail.com,080-651-3703,bwwxytzwoPU,5289 Carter Unions:Devantetown,14,2.9
77,Presley,Zemlak,Zemlak.P@gmail.com,726-801-8214,iqrbytwY,91376 O'Conner Fords:New Valentinland,8,1.8
78,Landen,Wisoky,Wisoky.L@gmail.com,580.625.3071,jUEHVVJHTW,1618 Thea Port:South Delphiamouth,23,4.2
79,Bryana,Runolfsson,Runolfsson.B@gmail.com,933-030-5095,svcotzCXNB,00803 Lang Ferry:Gwendolynshire,13,1.7
80,Tyson,Steuber,Steuber.T@gmail.com,633.463.4671,uiDOGZZT,78653 Sister Landing:North Kade,21,2.7
81,Jalon,Parisian,Parisian.J@gmail.com,1-766-390-6413,jdzzVTZWCKAQ,4977 Amparo Divide:Anjalifurt,16,3.7
82,Lilian,Hagenes,Hagenes.L@gmail.com,665-076-3616,kpmvwfuPSF,37025 Davis Isle:North Daniella,22,3.1
83,Cassandre,Kutch,Kutch.C@gmail.com,854-865-9315,yhilXNFXBCJTREN,253 Kody Mountains:South Tyra,5,3.9
84,Kellen,Olson,Olson.K@gmail.com,002-902-8237,eflaRCDHVCHFTKFW,70431 Yundt Port:Port Wilton,25,2.7
85,Kelsie,Wuckert,Wuckert.K@gmail.com,286-039-7352,qfswbskmSPMJTUE,067 Monahan Port:Lauriannestad,6,3.2
86,Jermaine,King,King.J@gmail.com,(385) 061-4711,abvtjTIQQ,69502 Holly Locks:South Izabella,7,1.7
87,Elmira,Daugherty,Daugherty.E@gmail.com,(737) 765-4241,dGAJUVLR,15326 Helen Rapid:Eunicefurt,23,3.9
88,Korbin,Sporer,Sporer.K@gmail.com,1-477-057-6639,fxcxiWECOAJTD,50618 Johnnie Fords:North Goldaburgh,19,2.4
89,Solon,Jones,Jones.S@gmail.com,855.432.2954,ulfpjBRPNOLQA,58155 Brown Causeway:New Audreanne,13,3.8
90,Eliza,Crona,Crona.E@gmail.com,580.100.0298,gstzoNUVAQXSIWVA,923 Olson Stream:Port Orrin,11,0.1
91,Tremayne,Jaskolski,Jaskolski.T@gmail.com,896.856.5146,xJAPPPOWZCMWLAGA,70358 Lesly Point:Lake Sebastian,14,3.6
92,Deborah,Kuhlman,Kuhlman.D@gmail.com,1-259-842-0505,xkaspomfcweiaHX,97622 Torp Trail:Lake Frieda,15,3.4
93,Nikita,Denesik,Denesik.N@gmail.com,581.989.7988,xbygnVQRN,0654 Vandervort Mountain:South Una,7,4.6
94,Lyric,Greenfelder,Greenfelder.L@gmail.com,1-460-645-2911,eYCTBNID,6581 Janie Lock:Port Winifredbury,5,4.1
95,Paige,Franecki,Franecki.P@gmail.com,886-167-3299,dvnECDTQQDCXH,7758 Gleason Drive:Lindbury,10,3
96,Adonis,Schowalter,Schowalter.A@gmail.com,681-411-0692,dxxwowkcflYJMJUR,2045 Kutch Drive:North Tyreseberg,24,3.7
97,Peggie,Ruecker,Ruecker.P@gmail.com,931.495.2683,iddrpcdcntqzhI,45010 Wyman Circle:McCulloughberg,22,0.5
98,Astrid,Kerluke,Kerluke.A@gmail.com,900.289.6532,fjhuecbAHPK,4399 Hegmann Ford:Stephaniaside,6,0.3
99,Bart,Brakus,Brakus.B@gmail.com,202.851.5750,xbridjqS,8716 Auer Manor:East Jewellborough,11,2.5
100,Alden,Orn,Orn.A@gmail.com,778.427.8576,fneupuOBJHFZ,6913 Trantow Wells:Janiceberg,22,0.5
101,Dayana,Farrell,Farrell.D@gmail.com,066-720-0864,dTNXSHAQKDJ,33958 Nikolas Estate:Bartellville,10,3.2
102,Reynold,Tremblay,Tremblay.R@gmail.com,(658) 683-2074,glhqpBXCWK,1939 Moen Pines:East Amariview,11,4.1
103,Dante,Beahan,Beahan.D@gmail.com,(202) 837-4542,bunnxlfJRVCP,29877 Rogahn Path:Port Garthhaven,12,4.2
104,Cayla,Hand,Hand.C@gmail.com,1-713-021-8560,blgjjvjfBHE,337 Vernie Branch:North Tessieside,11,0.1
105,Henderson,Waters,Waters.H@gmail.com,190.741.8522,tbqzbKAND,010 Camilla Falls:Kubberg,12,4.5
106,Lysanne,Windler,Windler.L@gmail.com,(263) 635-5568,gucrflozH,769 Nolan Mill:North Friedrichview,5,3.1
107,Steve,Mosciski,Mosciski.S@gmail.com,026-050-4510,laceMOCYYDLBI,55076 Lauretta Cliff:Metzside,12,4.7
108,Franz,Effertz,Effertz.F@gmail.com,673.928.4699,jkibsXFBR,553 Towne Tunnel:South Franciscomouth,19,4.8
109,Savanah,Kuhlman,Kuhlman.S@gmail.com,(348) 304-0819,ercvmHJOJFDGV,363 Crona Ports:South Ervin,23,3
110,Margot,Dach,Dach.M@gmail.com,(686) 277-0859,nbryowallawI,43476 Luisa Isle:Janfort,6,3.4
111,Trenton,Quitzon,Quitzon.T@gmail.com,(859) 848-2891,sLWYWTAGRSCZV,9610 Kub Pike:Gutkowskiview,5,0.9
112,Alexandro,Tremblay,Tremblay.A@gmail.com,055-424-3603,xdjrxdbmgQRLMUA,3943 Okuneva Vista:Port Marcelluschester,15,1.1
113,Mittie,Bins,Bins.M@gmail.com,249-615-3601,mTRXQKLMGSVABTVE,117 Anissa Village:South Abraham,23,3.6
114,Raymundo,Schimmel,Schimmel.R@gmail.com,(550) 964-6405,axkSEVAAPVXL,3329 Constance Throughway:Lake Winfield,16,0.6
115,Abigayle,Bailey,Bailey.A@gmail.com,730.442.1584,rsjqtbqngeC,44200 Clay Meadows:Mabletown,20,0.5
116,Maryam,Hettinger,Hettinger.M@gmail.com,751.030.3374,rpgMCPENLPOZHDXZ,1161 Hershel Avenue:Queenport,22,2.8
117,Caitlyn,Hessel,Hessel.C@gmail.com,538.599.4207,kvqbvyuwhpUSNBEE,299 Kozey Skyway:Abbigailville,23,3.4
118,Tristian,Koelpin,Koelpin.T@gmail.com,236.892.2543,dLJQGKMWVDHD,78662 Lehner Expressway:North Lorenza,15,0.2
119,Hailey,Terry,Terry.H@gmail.com,(509) 048-9133,bslFPOVF,05806 Murazik Well:South Hanna,17,1.1
120,Karlie,Frami,Frami.K@gmail.com,(439) 304-1703,inSTKDMIGRNL,66845 Stevie Shores:West Jalonstad,5,0.2
121,Camille,Murray,Murray.C@gmail.com,147-596-4283,qjvqLGYIYFF,32559 Johnnie Orchard:New Quinton,20,3.2
122,Lucious,Upton,Upton.L@gmail.com,855.996.2903,odZEXDQJB,7684 Mohr Port:Satterfieldbury,15,1.7
123,Archibald,Hamill,Hamill.A@gmail.com,(986) 777-8072,nbxekwwzVQGQ,258 Angelo Courts:Jerdeton,6,4.3
124,Yasmeen,Schinner,Schinner.Y@gmail.com,1-864-664-0474,efdzrwrinjwbgcH,58092 Schumm Vista:Lake Weldonborough,6,3.7
125,Giuseppe,Lubowitz,Lubowitz.G@gmail.com,(445) 945-4142,jWSPDWAGOKYUKI,43426 Okey Greens:Torphyfort,10,2.8
126,Zechariah,Boyle,Boyle.Z@gmail.com,1-500-077-8596,lrxcZEGSDSW,6517 Clint Drives:Mrazport,20,3.5
127,Colt,Conroy,Conroy.C@gmail.com,(980) 744-8884,qpzqkzsnMMWBU,9474 Dooley Hills:Port Deshaun,16,1.7
128,Osbaldo,Hamill,Hamill.O@gmail.com,(643) 287-7223,pmyndkcrAUNRGGB,63302 Alycia Ports:Donmouth,7,4.1
129,Nicholas,Kutch,Kutch.N@gmail.com,468.331.1022,giyjjewhwXMJUFS,387 Roberts Pass:West Barbara,12,2.2
130,Destany,Jacobson,Jacobson.D@gmail.com,701-476-4147,cEUYKSDBZVUQL,303 Beier Tunnel:South Elimouth,14,5
131,Margie,Hills,Hills.M@gmail.com,1-672-357-6898,sqtvkbxzeC,771 Stiedemann Prairie:Wendellstad,23,4.9
132,Tiara,Bogan,Bogan.T@gmail.com,1-170-267-0976,kwhPVZUKAAG,110 Arlie Passage:Donavonhaven,19,2.8
133,Ottilie,Koch,Koch.O@gmail.com,(808) 723-4258,atsxsslurlwaulX,976 Hackett Forks:New Odie,17,2.1
134,Delpha,Johnson,Johnson.D@gmail.com,180.555.7347,wANKSUOGXODMQ,276 Lucile Turnpike:East Enahaven,6,4.3
135,Cyril,Anderson,Anderson.C@gmail.com,034-894-4872,gprMRRMCVOYS,071 Flavio Drive:Bauchmouth,14,2.9
136,Jamarcus,Shanahan,Shanahan.J@gmail.com,198.350.6720,enneKUYF,2364 Graham Trace:Kleinland,7,1
137,Meghan,Stracke,Stracke.M@gmail.com,1-211-557-9947,wxuwuzsQRGNQZTU,29042 Lenna Trail:East Jarret,18,0.7
138,Hayden,Shanahan,Shanahan.H@gmail.com,(411) 202-5893,yjbNFFGUYMUMVZ,82622 Aylin Shoals:McGlynnton,18,1.8
139,Electa,Olson,Olson.E@gmail.com,(257) 332-8604,muVIBMAPH,8566 Gilberto Freeway:East Werner,10,3.6
140,Forest,Murphy,Murphy.F@gmail.com,1-480-926-0884,geiygplfhkusjeY,6287 Pfannerstill Green:Lake Dasiafurt,7,4.2
141,Josiane,McDermott,McDermott.J@gmail.com,542.600.9911,ypdswplybtM,936 Barton Burg:Jacobsmouth,24,1.9
142,Jace,Smith,Smith.J@gmail.com,620.411.5233,wRSFAKWSOCJG,834 Nolan Walks:Port Rose,11,4.1
143,Jazmin,Beahan,Beahan.J@gmail.com,(212) 980-1957,himghELLSHMDCEH,46889 Simonis Common:West Jammie,20,3.2
144,Jade,Ledner,Ledner.J@gmail.com,(193) 321-4049,jfhsicDGCY,2289 Maximus Stream:Jimmiehaven,16,3.3
145,Arno,Heathcote,Heathcote.A@gmail.com,140-420-4881,uytuimcLC,372 Prohaska Passage:South Omerbury,24,0.9
146,Joey,Koss,Koss.J@gmail.com,1-566-139-0990,aphsnstwXT,988 Claudia Square:Laurenbury,13,2.4
147,Shawn,Labadie,Labadie.S@gmail.com,442.024.4332,sislacwCUA,3296 Kallie Tunnel:North Madysonport,6,1.7
148,Kavon,Schinner,Schinner.K@gmail.com,(989) 848-4998,uamxagdhMBGNDXDF,1807 Serena Radial:Broderickside,8,2.9
149,Rebekah,Lakin,Lakin.R@gmail.com,963.713.3330,ehrmuhqmiHV,190 Eudora Parkway:Nikkifurt,16,2.5
150,Gretchen,Zemlak,Zemlak.G@gmail.com,1-382-374-7355,hSLJIBCZKLGFS,30539 Lyric Run:Laronfurt,14,2
151,Joshuah,Kunze,Kunze.J@gmail.com,1-364-627-6780,zvbvswqogwsPKKXK,1687 Madilyn Glen:Port Hannahport,5,3.6
152,Rick,Turner,Turner.R@gmail.com,875.266.2137,qSWOMEMOKO,4713 Reanna Skyway:Port Casimerfort,10,3.6
153,Danny,Keebler,Keebler.D@gmail.com,(352) 594-8496,uxiiquglbddCA,7234 Kuhn Extensions:Port Josefina,12,1.4
154,Adaline,Pfannerstill,Pfannerstill.A@gmail.com,667-593-8503,qSHHBENNAOAJJTQV,5823 Olaf Rapid:Port Jaidenhaven,9,2.9
155,Maegan,Hagenes,Hagenes.M@gmail.com,(190) 557-8389,zclkENBEEF,19962 Huels Run:Lake Jettberg,25,3.3
156,Nyah,Vandervort,Vandervort.N@gmail.com,1-702-488-9637,rqpaqbuONOLFDNZD,892 Waelchi Passage:Hughview,23,0.1
157,Declan,D'Amore,D'Amore.D@gmail.com,1-976-130-0924,xyyeeqjhaVREE,02994 Christiansen Mountain:Lake Veronaville,8,2
158,Lance,Kihn,Kihn.L@gmail.com,1-799-746-7895,gowjfljodpsUO,15660 Green Bypass:Jeanneland,14,1
159,Bethel,Considine,Considine.B@gmail.com,1-834-205-0719,slmxwrBAP,91537 Rodolfo Road:East Vesta,6,1.5
160,Garrison,Kuvalis,Kuvalis.G@gmail.com,(985) 640-8323,zzRLLXOUSMUQ,39272 Lillian Grove:Port Juliastad,25,3.3
161,Branson,Leannon,Leannon.B@gmail.com,1-948-132-9575,qtgazjqZZ,933 Niko Mission:South Ali,9,2.8
162,Jaquelin,Hudson,Hudson.J@gmail.com,(139) 517-2915,aldhjqqgID,396 Willa Burg:Christelleborough,19,2.3
163,Therese,Hamill,Hamill.T@gmail.com,1-506-047-6869,uycbypyePGOOOC,3594 Percy Shore:Kozeymouth,22,2
164,Jerrell,Hauck,Hauck.J@gmail.com,1-512-918-3409,snhbfsqE,58739 Connelly Trace:Handhaven,16,2
165,Harold,Strosin,Strosin.H@gmail.com,964-685-7212,nisWZFQFF,64368 Faye Rue:Mariannaview,23,4.5
166,Berta,Bashirian,Bashirian.B@gmail.com,741.789.5103,hbtznykhJONHK,31172 Carroll Pine:North Adelbertstad,16,0.7
167,Albert,Pagac,Pagac.A@gmail.com,678.353.4464,etvrnnfnXGPGKJOE,6158 Carter Point:Wolfton,6,3.7
168,Joanny,Leuschke,Leuschke.J@gmail.com,159.503.7789,ebTDAXWE,2992 Keebler Trail:Skilesmouth,18,1
169,Dashawn,McClure,McClure.D@gmail.com,452.864.1138,pBYSUJJW,846 Ismael Estates:New Dawn,14,1.4
170,Jed,Herzog,Herzog.J@gmail.com,(805) 527-7224,bDPMCITTW,8509 Stoltenberg Lodge:Jacobiland,17,3.8
171,Jordi,Connelly,Connelly.J@gmail.com,(558) 707-3881,yvhoefwxxfYM,4488 Rohan Unions:New Zackaryton,24,2.6
172,Davon,Considine,Considine.D@gmail.com,297-382-5096,owoxpsryxueYXX,288 Jayda Passage:West Nicolaberg,20,2.8
173,Mireya,Heaney,Heaney.M@gmail.com,820-687-6939,yansJCQZY,817 Shayne River:South Alexanderland,15,3.7
174,Christina,Koepp,Koepp.C@gmail.com,043-022-8589,xtxncnavlWCVPCVM,8354 Zemlak Hollow:Alvahbury,14,1.1
175,Demond,Rippin,Rippin.D@gmail.com,1-186-643-2839,vyiroqmIMIFK,98443 Carol Road:West Lesly,21,0
176,Dana,Frami,Frami.D@gmail.com,909.442.6566,jlldjyjT,70196 Efrain Islands:Lizziechester,12,2.5
177,Leatha,Oberbrunner,Oberbrunner.L@gmail.com,(784) 794-2137,jejiDKCB,116 Cody Haven:Port Daisyton,23,1.7
178,Walker,Beahan,Beahan.W@gmail.com,041-973-4325,wqfrzXPV,21197 Prosacco Dale:West Hattieshire,18,4
179,Graham,Heller,Heller.G@gmail.com,1-206-479-6358,myhrNVDJW,5217 Paris Road:West Fritzborough,15,0
180,Rahul,Fisher,Fisher.R@gmail.com,156-151-5294,zVCWBZZAMSTLMSMY,02906 Jessy Forest:Balistrerishire,9,1.5
181,Selena,Wolff,Wolff.S@gmail.com,469-355-8430,yycqaHIWBQ,8359 Medhurst Stravenue:South Edgardo,24,2.5
182,Dayana,Renner,Renner.D@gmail.com,(059) 723-7555,fwQNAMHMGCXZGDCL,633 Trenton Shores:Furmanport,15,4.7
183,Jedidiah,Wunsch,Wunsch.J@gmail.com,(191) 291-5258,ebtlubEB,423 Rolfson Stravenue:North Raheem,11,4.7
184,Sterling,Hansen,Hansen.S@gmail.com,918-777-5112,eddawdayluuBN,04546 Little Corners:Langoshshire,18,3.9
185,Georgette,Weimann,Weimann.G@gmail.com,472.698.3579,lhgmkmJCR,054 Ella Manor:Bodefurt,22,4.1
186,Vance,O'Conner,O'Conner.V@gmail.com,818-230-2891,hjkqfocoBTW,651 Cale Walk:Hoegermouth,6,4
187,Hailee,Keeling,Keeling.H@gmail.com,789.098.6041,yMEPWOJEEAFDH,398 Amaya Prairie:Laurelview,6,0.9
188,Alta,Nitzsche,Nitzsche.A@gmail.com,888-865-0101,mxnWBWDDHI,7440 Schulist Neck:East Dinomouth,25,3.5
189,Ara,Kuhlman,Kuhlman.A@gmail.com,782.633.8952,xbgmzqkWYOJZJJE,88724 Schuster Parkways:Terryhaven,25,3.9
190,Kelvin,Hintz,Hintz.K@gmail.com,795-193-2411,sisrajpM,9714 Gabriel Trail:North Darlene,25,3.2
191,Wallace,Mann,Mann.W@gmail.com,786-975-8590,owvuwexnBNTNMUCK,87189 Gwen Valleys:Ileneview,8,0.2
192,Walton,Schmidt,Schmidt.W@gmail.com,(579) 874-4553,wpIVMYAYOVQ,3913 Sammie Cliffs:North Lynn,20,4.8
193,Ansley,Bayer,Bayer.A@gmail.com,434.435.2599,scFIQZRM,98680 Brown Stravenue:Dietrichborough,13,1.2
194,Sally,Kohler,Kohler.S@gmail.com,281.124.0229,gbOOMZCMBBI,5349 Wallace Pass:Runteville,20,1.7
195,Elfrieda,Wisozk,Wisozk.E@gmail.com,152-313-0212,izcpgeQUETUMYL,823 Reynolds Place:West Alicia,14,2.5
196,Blair,Lemke,Lemke.B@gmail.com,361-542-4309,uewSBSPN,055 O'Conner Harbors:New Emerald,6,2.6
197,Dylan,Schaden,Schaden.D@gmail.com,(815) 397-7699,yhfahjengyNQALFL,57802 Reichel Expressway:Jamesonland,7,2.4
198,Dejon,Collier,Collier.D@gmail.com,(153) 079-4331,cmxLYVIPULN,98727 Annalise Points:North Gideonville,5,3.5
199,Joseph,Wehner,Wehner.J@gmail.com,(247) 093-6732,sdicKMNNJYRJFJ,120 Marcos Well:West Christineside,11,0.3
200,Esperanza,Carter,Carter.E@gmail.com,1-461-984-5221,kICOHLCY,986 Ciara Stream:Murrayside,23,1.8
201,Maude,Crist,Crist.M@gmail.com,185.402.9346,eqdeyrbtxqmA,94301 Lester Path:West Mitchelburgh,12,1.9
202,Lionel,Kunde,Kunde.L@gmail.com,(334) 780-5942,ekrtnmkT,6862 Cruickshank Lights:Maeport,7,0.3
203,Ryder,Mante,Mante.R@gmail.com,817-525-9899,fixjedbjbwwqgAGP,3716 Durgan Garden:Lake Danielafurt,17,1.1
204,Al,Treutel,Treutel.A@gmail.com,(433) 458-8171,fqhMJUOCF,9457 Joanny Road:Kacieside,20,3
205,Karine,Tillman,Tillman.K@gmail.com,610-526-2324,ffjgybbOQMLKM,1008 Liam Common:Gladysbury,21,4.6
206,Tomas,Balistreri,Balistreri.T@gmail.com,585.263.4995,bmqhkxCAM,35718 Alphonso Run:Marvinmouth,17,0.8
207,Lina,Quigley,Quigley.L@gmail.com,(168) 869-4771,nfAPVCXTQ,82470 Alfredo View:Ryanview,5,3.2
208,Autumn,Ledner,Ledner.A@gmail.com,298-157-5837,ysjHRULMRMQHOE,12486 Kunze Grove:Lake Nelda,22,1.5
209,Carlo,Bartoletti,Bartoletti.C@gmail.com,(369) 527-9976,dkysNJVDNSTXC,51764 Howe Tunnel:Anneville,16,1.1
210,Alexie,Towne,Towne.A@gmail.com,328-314-7781,sCABXDOHZWFRDYUV,74966 Schaden Skyway:South Rupert,20,2.9
211,Laisha,Cassin,Cassin.L@gmail.com,560-627-8980,ahywVDTYHFMT,0943 Annabelle Circle:Lake Bennettchester,13,4
212,Orin,Dicki,Dicki.O@gmail.com,947.796.9071,twbhTZZAGS,89363 Samson Station:North Jeanieburgh,21,1.9
213,Ceasar,Bartoletti,Bartoletti.C@gmail.com,(564) 235-0838,upTAFQXP,8663 Kuhic Hill:Sydniport,22,2.5
214,Jasmin,Marks,Marks.J@gmail.com,578.466.6607,hKOSIDSBHHNHOVCP,83806 Buster Pine:Port Lisette,16,3.6
215,Keyon,Roberts,Roberts.K@gmail.com,1-425-566-6859,nysndmeEZTN,45087 Kendrick Villages:East Olga,10,1.5
216,Katelin,Kertzmann,Kertzmann.K@gmail.com,(390) 764-3757,hvshcZRSY,9534 Marquardt Haven:Hegmannstad,23,1.5
217,Julianne,Ratke,Ratke.J@gmail.com,(624) 507-8268,ulpcgysrtLNJKNP,501 Elta Ways:Port Madisenview,17,4.9
218,Jarrett,Emard,Emard.J@gmail.com,855-389-3643,ywflrguicythdtAC,74455 Fahey Centers:West Judy,17,3
219,Marques,Heathcote,Heathcote.M@gmail.com,(109) 650-6206,rtruowhmhbjT,99538 Connelly Court:Port Chazstad,23,2
220,Mathilde,Ortiz,Ortiz.M@gmail.com,696-294-4414,hjiveuialnIJ,21471 Camila Fork:Elyssaside,12,2
221,Titus,Goldner,Goldner.T@gmail.com,(313) 188-9830,xzhaeoxmUKNMZQZ,52458 Anissa Road:Baileymouth,13,1.3
222,Simeon,Dicki,Dicki.S@gmail.com,530.291.6567,hyzoexefwwL,07427 Erna Rue:Reingerburgh,25,1.2
223,Payton,Yundt,Yundt.P@gmail.com,1-656-488-0461,jethwZWY,10987 Lorenz Ridge:Wilhelminemouth,13,2
224,Domenico,Kub,Kub.D@gmail.com,220.393.3165,fvjnxftG,705 Eldon Course:New Liamport,12,3.2
225,Willard,Waters,Waters.W@gmail.com,725-942-7344,ypqsYBATXZVJ,521 Schinner Drives:Litteltown,22,0.4
226,Annabelle,Bruen,Bruen.A@gmail.com,094-233-4091,obcLSNAGWOVGTI,3127 Courtney Unions:Lake Marielle,8,2.2
227,Nicholaus,Terry,Terry.N@gmail.com,796.823.9352,iepwjekHOBU,8250 Jadyn Station:Eloiseside,6,3
228,Audrey,O'Conner,O'Conner.A@gmail.com,1-659-356-4885,zlbuwJQBNYXTMRSY,95352 Collins Mills:Stammtown,19,0.3
229,Savannah,Gerhold,Gerhold.S@gmail.com,1-708-097-5769,qURYTXPIW,16743 Gorczany Summit:Winonafort,9,0.4
230,Adelle,Bernhard,Bernhard.A@gmail.com,1-755-840-6042,qkcrwfqROJUJW,5901 Rolfson Overpass:South Mabelle,25,0.7
231,Electa,Stark,Stark.E@gmail.com,1-457-917-6818,ebsgwfirekvMQI,1102 Jabari Fork:Lake Mandy,22,1.5
232,Jasmin,Dickens,Dickens.J@gmail.com,175.453.2305,xrpacRSKPN,0784 Kuvalis Court:West Scot,9,3.8
233,Leora,Purdy,Purdy.L@gmail.com,904-411-4250,egrclsxdbnqLU,1097 Braden Viaduct:Margaritatown,16,3.9
234,Odie,Dibbert,Dibbert.O@gmail.com,245.744.8031,nzaYKRRG,6788 Alexandrea Junctions:Lebsackport,22,0
235,Kristoffer,Ortiz,Ortiz.K@gmail.com,(968) 616-1409,stjpiiTE,610 Ayla Cove:South Donald,13,3.8
236,Ludwig,Sauer,Sauer.L@gmail.com,(566) 959-7327,ephvyjNTYQ,9368 Rau Groves:Maxwellberg,7,1.3
237,Ruthe,Hoppe,Hoppe.R@gmail.com,1-073-849-5656,fzmavbzvvjlCX,223 Kayli Gardens:Norbertoside,8,3
238,Murray,Runolfsdottir,Runolfsdottir.M@gmail.com,(454) 990-4794,hfLYGKJBKUHDL,003 Enola Pass:North Chandler,6,0.2
239,Liam,Runolfsson,Runolfsson.L@gmail.com,(544) 993-9261,hpujdhdxuwlluQ,073 Angela Turnpike:New Chelsieside,23,2.3
240,Liza,Koch,Koch.L@gmail.com,1-447-986-9486,kbvgumeaW,9958 Cassandra Rapids:Edythburgh,19,2.1
241,Emmanuelle,Cassin,Cassin.E@gmail.com,499.047.8322,wuorozremT,82407 Stehr Grove:East Simone,19,1.2
242,Noemi,Harber,Harber.N@gmail.com,1-578-443-6929,tojtdxrfexlF,05535 Madge Cape:Emilland,13,1.6
243,Arch,Goyette,Goyette.A@gmail.com,213.788.3116,dxGGJUWCZIPFVLY,5858 Valentin Islands:Ankundingport,18,3.4
244,Orie,Kling,Kling.O@gmail.com,374-318-0898,quvnwjkXBKTFX,7272 Reinger Valleys:West Colby,21,3.6
245,Catalina,West,West.C@gmail.com,928-336-1444,pjmgrhvzjkoswX,555 Schuster Lock:Lake Morganbury,9,0.3
246,Keenan,Labadie,Labadie.K@gmail.com,(201) 433-9130,twulcogdpNUTME,821 Herzog Club:West Nathanial,8,4.2
247,Jennie,Wiza,Wiza.J@gmail.com,733.777.6609,zhcsOMYDSIFLB,1219 Amalia Causeway:Jerdestad,6,1.7
248,Elinore,Kemmer,Kemmer.E@gmail.com,640.689.2816,xzkoXRZDANZNYYLW,6872 Fay Stream:Lake Makenna,23,3.8
249,Meggie,Stamm,Stamm.M@gmail.com,783.338.5420,sjhHXSSQTBM,9188 Wisozk Plaza:Hellerside,12,3.9
250,Jaqueline,Reilly,Reilly.J@gmail.com,925.763.7055,blhqjpttC,6165 Julian Parkways:Rennerland,19,0.5
251,Jaquan,Wolff,Wolff.J@gmail.com,872-882-7445,pnkmlzwlpFMYMD,8091 Champlin Trail:Lianachester,6,4.7
252,Tianna,O'Kon,O'Kon.T@gmail.com,143.237.2224,jgcyoAPROPXR,255 Jazlyn Skyway:Meghanburgh,18,2.5
253,Rossie,Williamson,Williamson.R@gmail.com,(520) 713-3811,nnecwokyftiMSD,330 Maya Roads:West Devan,18,2
254,Abby,Brown,Brown.A@gmail.com,053-029-2211,eidileorveA,0989 Wava Turnpike:Humbertostad,8,3.9
255,Alycia,McCullough,McCullough.A@gmail.com,946-853-0526,obhbskDTHBM,237 West Ports:West Jeniferview,21,0.5
256,Nikki,Marvin,Marvin.N@gmail.com,960-886-0242,kgnxlhiyvdzdaT,60920 Fisher Stream:Port Gino,19,4.8
257,Ardella,Lesch,Lesch.A@gmail.com,(456) 040-3944,ghsukyvDGRW,06485 Hazel Divide:South Camryn,16,3.2
258,Marietta,Auer,Auer.M@gmail.com,(610) 625-5990,ywhbztwbuiKC,38889 Morissette Street:Urbanfurt,25,3.2
259,Graciela,Lueilwitz,Lueilwitz.G@gmail.com,1-249-677-9228,kzatxMMT,890 Tony Highway:Bretberg,12,0.7
260,Amos,Hand,Hand.A@gmail.com,116.099.6473,hpyqksIEQVFYXPY,43550 Ferry Mount:West Owenburgh,25,3
261,Angie,DuBuque,DuBuque.A@gmail.com,(695) 643-7694,etjmatcMWHQ,691 Paucek Vista:Pacochabury,23,2
262,Abner,White,White.A@gmail.com,889-117-8936,tasdyhwjUTXIA,18913 Ryann Ranch:Port Martine,24,0.2
263,Kevon,Okuneva,Okuneva.K@gmail.com,(646) 211-9167,rrxgjkbnsihvdaHG,5946 Allie Fall:Romaside,12,1.2
264,Jaqueline,Wuckert,Wuckert.J@gmail.com,(087) 277-9056,ngkBARLS,927 Jeffery Coves:Lake Renefort,17,1.6
265,Dino,Hintz,Hintz.D@gmail.com,1-308-646-3222,puejgreyUGSYFLOF,951 Will Villages:North Trinitybury,24,1.5
266,Fred,Leuschke,Leuschke.F@gmail.com,928-215-2968,scexglxyvppyodPK,97088 Brown Overpass:Vernerfort,18,4.9
267,Alyson,Kunze,Kunze.A@gmail.com,415.584.0784,jwUTBQGH,343 Amya Manors:Townehaven,5,2.1
268,Angelo,MacGyver,MacGyver.A@gmail.com,(147) 540-3124,dcvazagocABNN,100 Everardo Divide:Nyasiaberg,8,4.1
269,Lucio,Reinger,Reinger.L@gmail.com,1-681-594-5415,ozvxlPTMVRKJIPND,5505 Stanton Inlet:East Jaimeside,11,0.7
270,Lucienne,Miller,Miller.L@gmail.com,1-014-734-1812,sdhXGXTXUXPRX,053 Brooks Glens:South Loyce,8,3.8
271,Albina,Hilll,Hilll.A@gmail.com,095-960-5259,queBKRAJE,934 Harber Drives:West Astridtown,15,2.1
272,Kristy,Stroman,Stroman.K@gmail.com,373-112-2199,xajqyuspugNHD,074 Kayli Ford:North Zaria,18,1.2
273,Kraig,Zemlak,Zemlak.K@gmail.com,(441) 408-8446,qixBEGSUXKFFXT,13473 Osbaldo Mount:North Humberto,10,4.5
274,Brenda,Tromp,Tromp.B@gmail.com,043-376-7382,ihzwdzjhhrTJ,4226 Charley Island:Veumhaven,17,0.1
275,Berta,Wiza,Wiza.B@gmail.com,845-154-1259,surmkkkeF,478 Steuber Street:West Timmybury,6,4.1
276,Angus,Hilpert,Hilpert.A@gmail.com,212.315.9403,mwpylLLVCTI,584 Konopelski Springs:Lake Jany,12,0.6
277,Demetrius,Herman,Herman.D@gmail.com,949.799.3219,qhknqaAXA,623 McClure Manor:North Brian,14,4.8
278,Owen,Hilll,Hilll.O@gmail.com,068-511-1746,howlmdvCZV,47868 Stroman Mission:Lake Trevabury,6,4.6
279,Jaydon,Haley,Haley.J@gmail.com,690.598.6021,lhqlhFJXOQNAMWA,567 Rhett Ranch:South Katarina,25,2.4
280,Tyreek,Predovic,Predovic.T@gmail.com,336.262.4390,jxrCBBMD,1182 Okuneva Glen:New Sebastian,9,4.2
281,Monroe,Mraz,Mraz.M@gmail.com,(081) 623-4214,ppkpwayfihmVHMAY,50174 Sandra Drive:North Minnie,16,4.4
282,Gina,Lehner,Lehner.G@gmail.com,(067) 218-4251,blpcczvppEKM,414 Burdette Forge:West Floshire,7,4.3
283,Zula,Dooley,Dooley.Z@gmail.com,1-147-460-7878,qfocxyiKI,33600 Reid Lodge:West Angel,5,4.9
284,Darrel,Schmidt,Schmidt.D@gmail.com,(101) 937-5128,cuyijwERTXLJ,365 Stracke Walks:Port Verla,23,2.9
285,Martin,Stiedemann,Stiedemann.M@gmail.com,288.525.6294,ayyoocEMLN,7270 Cronin Ramp:Bartonstad,24,1.4
286,Isabelle,Kunze,Kunze.I@gmail.com,031.204.0910,btegrnHKW,9309 Gusikowski Underpass:Crystalland,5,3.3
287,Phyllis,Kertzmann,Kertzmann.P@gmail.com,(614) 052-4617,whGFMNBD,346 Predovic Extension:Estachester,25,3.8
288,Javier,Von,Von.J@gmail.com,1-757-951-5694,shueuijvmrlAZ,84357 Hassan Extensions:Port Rodrickside,22,1.9
289,Adrain,Mitchell,Mitchell.A@gmail.com,296-292-6339,yGSTODLRWDANIJ,83297 Franecki Dam:East Estevan,23,0.6
290,Herbert,Bechtelar,Bechtelar.H@gmail.com,977.340.4312,bendRDPDHCDPA,8164 Derek Isle:Port Mallie,14,3.7
291,Braden,McLaughlin,McLaughlin.B@gmail.com,(879) 279-5759,ziXRCRRHCTO,04729 Conn Extensions:Lake Kole,18,3
292,Abigayle,Crona,Crona.A@gmail.com,(808) 461-9819,oxyxktXHJTJX,5952 Sawayn Path:South Ahmadshire,18,1.2
293,Eusebio,Crooks,Crooks.E@gmail.com,251.172.1195,lqhczxfjczZ,315 Swaniawski Brooks:East Briannefurt,25,4.8
294,Lonzo,Muller,Muller.L@gmail.com,(507) 024-9640,pyxqhRZEMMQNXY,09306 Mose Spring:Windlertown,13,1.8
295,Gerardo,Hand,Hand.G@gmail.com,1-503-816-3881,hrdlklbkpohvzzhX,10766 Margarett Causeway:Trantowshire,5,2.2
296,Paris,Carter,Carter.P@gmail.com,1-501-079-2626,zkIRTQILEDEQAGMQ,511 Turcotte Road:Gunnerport,20,0.6
297,Quincy,Carroll,Carroll.Q@gmail.com,(365) 441-2617,jnetFXXN,404 Doyle Hills:South Shayleeshire,22,3.2
298,Jarred,Abshire,Abshire.J@gmail.com,513.013.2822,vrZPGAALKBY,0341 McClure Pike:Edwardochester,21,2.4
299,Rossie,Nicolas,Nicolas.R@gmail.com,(057) 341-6450,tupdrqsssR,45567 Rossie Fields:Prosaccomouth,9,1.9
300,Ashley,Boehm,Boehm.A@gmail.com,1-063-119-6809,rdhfazarGUPGFQ,810 Conn Causeway:New Pete,22,3.2
301,Alva,Grady,Grady.A@gmail.com,(302) 976-4234,hzixktrkfB,7810 Mortimer Mill:West Bradleymouth,25,0
302,Ryan,Bauch,Bauch.R@gmail.com,625.264.0791,vlHZMSBVLVSELM,7280 Reichert Common:Clydeside,25,0.7
303,Sheldon,Kub,Kub.S@gmail.com,854-057-3508,wRNGMNWU,70282 Joel Lane:Hickleview,17,1.9
304,Jacey,Mueller,Mueller.J@gmail.com,288.288.4469,ifsmfppxzmuyX,842 Oceane Fork:Coopermouth,24,0.5
305,Kitty,Franecki,Franecki.K@gmail.com,(499) 128-6770,hLHLPBIY,50995 Becker Haven:New Maritzafurt,5,4.8
306,Miller,Oberbrunner,Oberbrunner.M@gmail.com,865.453.3979,vwezhjqNHZJZIBJ,21965 Reichert Rapids:New Tessie,24,3.3
307,Weldon,Pouros,Pouros.W@gmail.com,086-731-3807,gYGBFMQOJVTW,713 Cummings Grove:Kihnchester,10,0.3
308,Eula,Franecki,Franecki.E@gmail.com,(109) 355-0610,xpjrkVGMBWC,7772 Vaughn Station:East Dawson,17,1.9
309,Dorris,Bruen,Bruen.D@gmail.com,097.936.3527,wcJJNOKIZAKNG,80772 Ray Trail:Lake Delphiabury,24,3.7
310,Davon,Nienow,Nienow.D@gmail.com,(780) 632-2518,tzcsGCLXWLRRA,5419 Streich Locks:Lake Idellachester,24,2
311,Domenic,Will,Will.D@gmail.com,971.538.8259,oplADDTL,49792 Mohr Knolls:Irwinhaven,16,1
312,Jaime,O'Hara,O'Hara.J@gmail.com,343-531-5064,tvASBIDKL,4172 Pagac Parks:West Kathryntown,25,1.7
313,Sierra,Langworth,Langworth.S@gmail.com,1-130-533-2578,smbpctCA,3160 Jimmie Lights:North Joany,11,4.3
314,Nils,Christiansen,Christiansen.N@gmail.com,993.898.3263,jrhdzaeghfvG,659 Consuelo Harbor:South Alishaburgh,23,0.3
315,Sheldon,Feil,Feil.S@gmail.com,1-710-051-8180,eypAWBPZE,83154 Crist Spurs:Fletcherville,13,1.6
316,Geoffrey,Kub,Kub.G@gmail.com,647-697-2080,weqqnqaSFHFOTC,7306 Feeney Union:North Groverside,16,2.5
317,Jean,Hills,Hills.J@gmail.com,808.420.8878,qkkxpswRPYKFZN,1599 Pouros Camp:Yoshikoshire,21,3.7
318,Margarette,Baumbach,Baumbach.M@gmail.com,(499) 528-8288,pMKLGNHYKQI,864 Monique Fords:New Gianni,19,4.6
319,Destinee,Lubowitz,Lubowitz.D@gmail.com,405-236-9903,ztfvlgshumugjuyZ,4060 Dayana Gateway:Millieshire,22,3.8
320,Mercedes,Greenfelder,Greenfelder.M@gmail.com,1-700-056-6045,uruimqDC,81276 Tessie River:South Cletus,12,3.2
321,Melissa,Hintz,Hintz.M@gmail.com,929.112.7670,gvpvuctORSAV,226 Jesus Prairie:Armstrongport,20,0.5
322,Malcolm,Homenick,Homenick.M@gmail.com,323.374.9071,tyhGTFIK,3099 Herman Coves:Port Eulalia,15,1.5
323,Ethan,Grimes,Grimes.E@gmail.com,686.011.0235,chlpvsmxvfmEEQ,4976 Gerlach Mills:New Monty,18,4.2
324,Jasmin,Mohr,Mohr.J@gmail.com,324-435-2772,jCIHSQHCLIW,747 Sawayn Ramp:Auermouth,24,3.8
325,Trevion,Reinger,Reinger.T@gmail.com,1-971-464-8195,kIHEWPISFJRJIRRJ,57920 Powlowski Stream:Zoiebury,22,3
326,Geo,Koss,Koss.G@gmail.com,599-509-8886,bpoqxprbssawwTQ,664 Rosenbaum Drive:Bartelltown,19,4.7
327,Noble,Dare,Dare.N@gmail.com,925.842.8227,aujumanJW,13042 Greenfelder Valleys:East Torreystad,7,2.8
328,Talia,Bednar,Bednar.T@gmail.com,(744) 207-8466,qqxwzlRJNCC,16470 Padberg Avenue:South Evertside,23,0.7
329,Daphne,Feest,Feest.D@gmail.com,(361) 301-4639,uyjjufzidogqxoLQ,18761 Haag Mill:Lake Lester,6,0.7
330,Vanessa,Shanahan,Shanahan.V@gmail.com,1-985-836-0658,aiQNISLWKWQJHW,613 Gottlieb Tunnel:Runteshire,16,1.6
331,Karianne,Ryan,Ryan.K@gmail.com,1-696-137-7103,powcxeyxgXPJFV,1852 Grayson Greens:Lake Shyanne,6,4.8
332,Madge,Metz,Metz.M@gmail.com,(424) 551-7825,qfqzyviyvZS,51223 Constantin Ridge:South Claudie,24,2.8
333,Laverne,Maggio,Maggio.L@gmail.com,1-473-350-6343,hsrctvjNN,282 Oral Isle:North Betsy,8,0.7
334,Amari,Baumbach,Baumbach.A@gmail.com,1-381-285-7467,piGSVJTEQBYP,80174 Willms Hill:Bodehaven,23,4.9
335,Beverly,Weber,Weber.B@gmail.com,(164) 333-3391,kylpdhUOTTKJOAR,063 Collier Harbors:West Rosalee,12,0.7
336,Eliza,Stracke,Stracke.E@gmail.com,(000) 109-3017,hrnrtdtWUY,702 Sadye Via:Baumbachborough,7,2
337,Shayna,Beier,Beier.S@gmail.com,(286) 997-5086,nJQOTBLWUKX,188 Spinka Heights:Port Yasmeen,12,1.3
338,Constance,Schinner,Schinner.C@gmail.com,1-653-638-2465,gIHOWIOH,724 Elyse Road:Ozellafurt,12,2.9
339,Layla,Rath,Rath.L@gmail.com,(154) 146-7857,qAYWYZMIS,9372 Noe Harbors:East Madelinehaven,16,3.4
340,Fannie,McDermott,McDermott.F@gmail.com,1-741-705-2750,jHGNWNGGZ,2679 Dickens Plain:Dibbertshire,15,4.1
341,Ismael,Gutkowski,Gutkowski.I@gmail.com,761-449-5783,wgnsrgQLLJ,27310 Deven Unions:Lemuelview,17,2
342,Alysson,Williamson,Williamson.A@gmail.com,762.496.8111,fdQLVUDV,96109 Zora Glen:Maxbury,13,0.8
343,Maximus,Gusikowski,Gusikowski.M@gmail.com,1-252-740-1132,rHRLCQDZSDSOMKKH,609 Herbert Parkways:Lake Lora,25,0.7
344,Dorris,Hane,Hane.D@gmail.com,1-706-309-8031,usedFSKW,685 Franecki Trail:North Jesseborough,18,1.5
345,Isaias,Mueller,Mueller.I@gmail.com,(258) 458-5058,ntfVZXOJKDA,223 Dangelo Mountains:Damienhaven,15,3
346,Dylan,Heidenreich,Heidenreich.D@gmail.com,(019) 266-5374,umFQYFJZYOQ,54462 Lehner Flat:West Henderson,10,3.1
347,Isom,Marvin,Marvin.I@gmail.com,1-152-525-2940,dpydjlbugrhguWL,4793 Albina Trafficway:Julietstad,20,2.1
348,Fae,Skiles,Skiles.F@gmail.com,1-549-141-4518,baoveokerO,446 Rowe Ridges:Port Stacey,8,3.3
349,Alexa,Legros,Legros.A@gmail.com,301.145.7643,hwiDAIBDX,80356 Buckridge Viaduct:Gerholdton,21,2.2
350,Frances,Schinner,Schinner.F@gmail.com,1-174-542-5947,ghaLDZWBZFWPXV,37635 Diamond Meadow:New Alisa,13,3.5
